iteration,_is_super,_lambda,_scale_factor,ne1,strinf,wel5,wel2,wel3,wel1,wel4,wel0,hk_i:27_j:12_zone:1.0,hk_i:17_j:2_zone:1.0,hk_i:27_j:2_zone:1.0,hk_i:7_j:17_zone:1.0,hk_i:27_j:17_zone:1.0,hk_i:37_j:7_zone:1.0,hk_i:7_j:7_zone:1.0,hk_i:32_j:12_zone:1.0,hk_i:2_j:2_zone:1.0,hk_i:22_j:7_zone:1.0,hk_i:37_j:12_zone:1.0,hk_i:2_j:7_zone:1.0,hk_i:12_j:2_zone:1.0,hk_i:22_j:12_zone:1.0,hk_i:17_j:17_zone:1.0,hk_i:12_j:12_zone:1.0,hk_i:22_j:2_zone:1.0,hk_i:27_j:7_zone:1.0,hk_i:17_j:12_zone:1.0,hk_i:2_j:12_zone:1.0,hk_i:32_j:2_zone:1.0,hk_i:32_j:17_zone:1.0,hk_i:2_j:17_zone:1.0,hk_i:7_j:2_zone:1.0,hk_i:7_j:12_zone:1.0,hk_i:22_j:17_zone:1.0,hk_i:12_j:17_zone:1.0,hk_i:37_j:17_zone:1.0,hk_i:32_j:7_zone:1.0,rch_i:17_j:2_zone:1.0,rch_i:27_j:17_zone:1.0,rch_i:27_j:12_zone:1.0,rch_i:7_j:12_zone:1.0,rch_i:27_j:2_zone:1.0,rch_i:37_j:17_zone:1.0,rch_i:22_j:7_zone:1.0,rch_i:12_j:17_zone:1.0,rch_i:32_j:7_zone:1.0,rch_i:7_j:2_zone:1.0,rch_i:32_j:12_zone:1.0,rch_i:17_j:17_zone:1.0,rch_i:7_j:7_zone:1.0,rch_i:37_j:7_zone:1.0,rch_i:17_j:12_zone:1.0,rch_i:22_j:2_zone:1.0,rch_i:2_j:2_zone:1.0,rch_i:2_j:7_zone:1.0,rch_i:22_j:17_zone:1.0,rch_i:32_j:17_zone:1.0,rch_i:2_j:17_zone:1.0,rch_i:22_j:12_zone:1.0,rch_i:7_j:17_zone:1.0,rch_i:12_j:12_zone:1.0,rch_i:32_j:2_zone:1.0,rch_i:12_j:2_zone:1.0,rch_i:37_j:12_zone:1.0,rch_i:27_j:7_zone:1.0,rch_i:2_j:12_zone:1.0
0,0,0.1,1,,573.936,326.46,236.37,481.375,529.741,271.039,268.636,12.2009,5.91813,5.27362,4.09623,4.07017,4.02099,5.02467,5.77468,4.93169,6.38719,4.10037,5.66634,5.00051,6.46721,4.04697,4.927,8.06713,5.48367,4.90747,5.22069,4.46781,4.07377,4.10014,4.63269,5.01754,4.05762,4.08497,4.98017,4.66795,1.83539,0.838113,0.965512,0.892667,0.938877,0.80652,1.34818,0.872525,1.69903,1.35798,0.859709,0.878941,1.74497,2,1.67453,1.0597,1.16834,0.883588,0.922876,0.811541,0.840041,0.959623,0.849853,0.985956,1.4135,1.87244,0.868388,0.84108,0.803242
0,0,0.1,0.75,0.01,554.485,319.634,250.885,427.703,459.545,278.006,276.155,9.76193,5.67389,5.20384,4.30557,4.28501,4.24612,5.01849,5.57043,4.94868,6.00793,4.30883,5.49186,5.00038,6.06429,4.26668,4.94515,7.15784,5.35854,4.93044,5.16462,4.5953,4.28785,4.30865,4.72191,5.01315,4.27509,4.29669,4.98512,4.74884,1.57687,0.875945,0.974021,0.918369,0.953798,0.851063,1.25116,0.902783,1.48816,1.25797,0.892819,0.907758,1.51824,1.68179,1.47204,1.04445,1.12377,0.911355,0.941581,0.855033,0.877456,0.969562,0.885131,0.989448,1.29635,1.60069,0.899571,0.87827,0.848467
0,0,1,1,,1352.81,293.044,176.108,319.513,322.412,228.813,228.577,5.72243,5.4197,5.17129,3.47787,3.46162,3.53701,5.00892,4.62819,5.00038,5.60125,3.70319,5.40041,5.0045,4.8151,3.40832,4.21246,6.10566,5.04572,4.25058,4.4478,4.41241,3.48808,3.51176,4.79924,4.25533,3.4338,3.45533,3.87095,4.56334,1.58098,0.528961,0.672102,0.694247,1.36491,0.573701,1.35109,0.563954,1.39375,1.44037,0.660723,0.563784,1.32998,1.32419,0.899084,1.4133,1.36745,0.997206,0.550085,0.5,0.564558,0.743043,0.556229,0.884636,1.45817,1.55075,0.697531,1.08265,0.615013
0,0,1,0.75,0.01,1054.8,294.768,201.193,314.519,316.657,244.844,244.656,5.53258,5.31158,5.12792,3.80826,3.79492,3.85673,5.00669,4.71846,5.00029,5.44448,3.99185,5.2974,5.00337,4.86067,3.751,4.39688,5.80821,5.03425,4.42668,4.57985,4.5525,3.81665,3.83607,4.84866,4.43039,3.77202,3.78974,4.12673,4.66879,1.40992,0.620251,0.742295,0.760563,1.26278,0.659195,1.25318,0.650778,1.28274,1.31479,0.732849,0.650631,1.23846,1.23442,0.923315,1.29621,1.26454,0.997904,0.638737,0.594604,0.651301,0.800314,0.64408,0.912165,1.32696,1.38965,0.76326,1.06137,0.694485
0,0,10,1,,1193.33,245.719,227.155,195.751,220.374,182.531,237.29,4.07836,5.05854,5.03309,4.05101,4.07205,4.26596,4.79923,4.08556,5.02561,4.78121,4.4007,4.91926,4.98432,3.95752,4.05859,4.01649,5.26988,4.52662,4.00945,3.87957,4.67644,4.13919,4.03257,5.00957,3.89951,4.05066,4.0767,4.53314,4.57462,1.31625,0.544939,0.711895,0.712207,1.3588,0.672578,1.11054,0.558368,1.10545,1.32736,0.693915,0.552501,1.09162,1.04578,0.705689,1.35294,1.32265,1.11807,0.55081,0.54383,0.587544,0.714305,0.566241,0.706935,1.23395,1.30487,0.750168,1.1626,0.73361
0,0,10,0.75,0.01,960.09,258.291,243.513,217.8,238.041,206.673,251.617,4.29147,5.04384,5.0248,4.26988,4.28649,4.43869,4.84865,4.29716,5.0192,4.835,4.54343,4.93932,4.98823,4.19575,4.27586,4.24256,5.20108,4.64059,4.23698,4.13362,4.75531,4.33939,4.25529,5.00718,4.14954,4.2696,4.29017,4.6456,4.67744,1.22887,0.634251,0.775018,0.775273,1.25854,0.742689,1.08181,0.645937,1.07809,1.23664,0.760291,0.640841,1.06796,1.03414,0.769946,1.25447,1.23334,1.0873,0.639369,0.633282,0.671089,0.776985,0.652757,0.770965,1.17078,1.22089,0.806063,1.11962,0.792682
0,0,100,1,,595.382,263.018,258.732,229.338,248.253,224.893,260.546,4.441,5.01528,5.00355,4.61545,4.64787,4.71062,4.72688,4.52331,5.00715,4.75801,4.79308,4.82259,4.98409,4.42594,4.65659,4.51751,5.09862,4.59067,4.53805,4.23825,4.83715,4.68564,4.57968,4.99751,4.32341,4.64335,4.65879,4.85784,4.74189,1.13062,0.800228,0.891234,0.892778,1.15638,0.869295,1.04995,0.805902,1.04512,1.13969,0.880066,0.801716,1.04777,1.01502,0.872385,1.15232,1.14522,1.08388,0.801984,0.8016,0.827531,0.886516,0.813017,0.874872,1.0962,1.12531,0.903753,1.08627,0.915607
0,0,100,0.75,0.01,569.953,271.812,268.484,245.266,260.286,241.692,269.894,4.5746,5.01146,5.00266,4.70872,4.73351,4.78135,4.79373,4.63804,5.00536,4.81739,4.84399,4.86634,4.98806,4.56296,4.74017,4.63359,5.07379,4.68975,4.64938,4.41705,4.87736,4.76233,4.68132,4.99813,4.48345,4.73006,4.74185,4.893,4.80514,1.09644,0.846078,0.917263,0.918454,1.11513,0.900276,1.03723,0.850573,1.03365,1.10303,0.908628,0.847257,1.03562,1.01125,0.902675,1.11219,1.10705,1.06227,0.84747,0.847166,0.867637,0.913619,0.856199,0.904604,1.07131,1.09259,0.92691,1.06403,0.936013
0,0,1000,1,,513.177,292.887,291.846,286.176,289.964,285.356,292.069,4.89974,5.0014,4.99911,4.93616,4.94557,4.94592,4.93694,4.91788,5.00259,4.95148,4.96568,4.96022,4.99663,4.89892,4.94777,4.9149,5.01534,4.91593,4.92336,4.83886,4.96832,4.95222,4.92698,5.00059,4.86325,4.94512,4.94711,4.97872,4.94942,1.02384,0.970659,0.987178,0.988361,1.02786,0.981173,1.01216,0.971807,1.01039,1.02616,0.984549,0.970963,1.0131,1.00414,0.98402,1.02706,1.02812,1.02037,0.971006,0.970639,0.976287,0.98625,0.973341,0.984808,1.01754,1.0233,0.987091,1.01834,0.993036
0,0,1000,0.75,0.01,509.851,294.649,293.863,289.571,292.441,288.949,294.032,4.92461,5.00105,4.99933,4.95204,4.95912,4.95938,4.95263,4.93828,5.00195,4.96356,4.97424,4.97014,4.99747,4.924,4.96078,4.93604,5.0115,4.93681,4.94241,4.87865,4.97622,4.96412,4.94513,5.00044,4.89708,4.95878,4.96028,4.98403,4.96202,1.01783,0.977912,0.990368,0.991258,1.02083,0.985847,1.00911,0.97878,1.00778,1.01956,0.988389,0.978142,1.00981,1.00311,0.987991,1.02022,1.02102,1.01524,0.978175,0.977898,0.982162,0.989669,0.979939,0.988584,1.01312,1.01743,0.990303,1.01372,0.994773
1,1,0.1,1,0.01,711.725,-395.287,-30.4222,-900,-900,-191.139,-162.546,34.567,11.8114,7.25302,1.31183,1.18339,0.75864,4.9258,6.78739,4.1229,10.592,1.18781,6.91151,5.01137,10.7533,1.08819,4.63384,34.2936,7.60454,4.66864,7.66152,2.56315,1.17418,1.42792,2.81845,5.74031,1.14603,1.22015,1.53624,3.51661,2,0.5,0.5,0.5,0.728525,0.5,2,0.5,2,2,0.5,0.5,2,2,2,1.24296,1.83342,0.5,0.5,0.5,0.5,0.548248,0.5,2,2,2,0.5,0.5,0.5
1,0,0.1,0.75,0.01,758.209,352.765,54.0579,716.508,667.433,178.47,160.136,19.7364,9.87904,7.19681,1.93687,1.73771,1.36447,5.77513,6.05368,4.09188,9.0685,1.80901,6.67931,5.01467,7.54322,1.57907,4.41387,22.0539,6.89508,3.94756,5.8618,3.28267,1.8574,1.97848,3.00684,5.37493,1.64882,1.84757,2.29246,3.88946,1.9541,0.535415,0.555024,0.673585,0.843006,0.464373,1.45061,0.531699,1.85395,1.71308,0.643397,0.580783,1.96738,1.68574,1.62555,1.03225,1.55103,0.693851,0.566187,0.458554,0.439575,0.766078,0.45698,1.63672,1.53107,2.09528,0.695444,0.672294,0.386175
1,1,1,1,0.01,1112.82,-272.675,-146.684,-303.992,-277.71,-212.015,-202.746,5.58048,5.83182,5.41874,3.09334,3.03427,3.22259,5.01823,4.22789,4.84538,5.66089,3.4102,5.34137,5.00145,4.47346,2.98378,3.88963,7.19149,5.20327,3.87944,4.34226,4.29587,3.0768,3.15965,4.54982,4.06102,3.00499,3.05389,3.62316,4.48384,1.62063,0.5,0.5,0.525752,1.36191,0.5,1.26803,0.5,1.3287,1.53369,0.5,0.5,1.2617,1.21639,0.685413,1.42762,1.44612,0.894162,0.5,0.5,0.5,0.552105,0.5,0.687603,1.45492,1.61928,0.556028,1.02454,0.5
1,0,1,0.75,0.01,1086.37,264.974,166.321,278.127,270.479,211.386,211.78,5.31268,5.68763,5.32938,3.45174,3.41581,3.438,4.89606,4.3015,4.87709,5.36969,3.69519,5.18691,4.9902,4.43158,3.36075,4.02385,6.79329,4.90463,3.99613,4.14994,4.35709,3.48169,3.47067,4.6105,4.04958,3.38066,3.43663,3.93803,4.43184,1.4772,0.47475,0.62254,0.642045,1.27864,0.563694,1.19277,0.50131,1.23153,1.42528,0.620896,0.500247,1.18267,1.16162,0.779459,1.33034,1.35738,0.920097,0.490371,0.455583,0.508135,0.672408,0.495846,0.780948,1.31618,1.4881,0.682593,1.05665,0.572882
1,1,10,1,0.01,1098.56,-239.303,-216.135,-189.408,-211.616,-176.562,-230.235,3.87705,5.1345,5.06668,3.83271,3.82359,4.16543,4.79188,3.85288,4.99738,4.7145,4.27167,4.90887,4.98072,3.71286,3.81478,3.79386,5.45736,4.43821,3.76498,3.7237,4.61771,3.90987,3.8152,4.95024,3.73163,3.80071,3.84579,4.41643,4.47883,1.32276,0.5,0.597017,0.591317,1.33539,0.582733,1.04298,0.5,1.06,1.322,0.587899,0.5,1.00433,0.993853,0.590249,1.34596,1.28696,0.993912,0.5,0.5,0.5,0.600068,0.5,0.590919,1.22385,1.31239,0.667529,1.08945,0.602941
1,0,10,0.75,0.01,1066.06,242.43,222.661,195.215,218.796,184.3,235.002,4.00844,5.12081,5.04722,3.9701,3.96889,4.20173,4.76916,3.98366,5.00606,4.71915,4.34521,4.90027,4.97919,3.84746,3.95736,3.91784,5.41781,4.44167,3.89518,3.79081,4.62799,4.0528,3.94095,4.95674,3.82552,3.94544,3.98857,4.49289,4.49234,1.2955,0.505422,0.660385,0.65163,1.29224,0.645391,1.05045,0.516234,1.05952,1.29023,0.651793,0.511373,1.01328,1.00185,0.655227,1.30425,1.25466,1.00256,0.510075,0.507237,0.539659,0.662713,0.521556,0.655304,1.19207,1.29056,0.722054,1.09985,0.659785
1,1,100,1,0.01,874.56,-251.063,-238.231,-203.831,-229.317,-192.722,-247.449,4.07789,5.06878,5.0321,4.15275,4.16115,4.38168,4.76294,4.11943,5.00879,4.71414,4.48583,4.87328,4.9816,3.98316,4.1604,4.08849,5.26667,4.46045,4.07507,3.91737,4.70335,4.22998,4.12588,4.98136,3.96302,4.14531,4.1802,4.60288,4.57248,1.24967,0.566041,0.717337,0.712495,1.28198,0.693817,1.06182,0.576781,1.0673,1.2522,0.705034,0.571241,1.03697,1.01488,0.703631,1.28121,1.24041,1.05422,0.570392,0.567272,0.604114,0.717025,0.584406,0.704129,1.18393,1.23768,0.763392,1.10773,0.731273
1,0,100,0.75,0.01,895.2,252.851,239.541,207.237,231.467,196.119,248.485,4.13027,5.06253,5.03027,4.18173,4.19214,4.39586,4.78423,4.16316,5.01139,4.74407,4.50016,4.88971,4.98326,4.03528,4.18897,4.12647,5.2502,4.50482,4.11496,3.97035,4.71629,4.25707,4.15786,4.9878,4.00885,4.17604,4.20742,4.61352,4.5985,1.24443,0.582373,0.731342,0.727696,1.27608,0.705725,1.06678,0.593343,1.06999,1.24829,0.71846,0.587898,1.04463,1.01966,0.719654,1.27447,1.23864,1.0624,0.586905,0.5831,0.620204,0.731567,0.600792,0.720274,1.18063,1.23346,0.773843,1.11069,0.746164
1,1,1000,1,0.01,866.704,-259.537,-246.39,-217.353,-240.047,-205.48,-254.935,4.2574,5.05021,5.02697,4.25565,4.26966,4.45268,4.81515,4.27241,5.01333,4.80052,4.54411,4.9132,4.9858,4.16036,4.26319,4.22301,5.21046,4.59014,4.2163,4.08025,4.75185,4.32645,4.23535,4.99503,4.11207,4.25388,4.28026,4.64436,4.65822,1.21902,0.620616,0.761232,0.759972,1.25002,0.733437,1.06947,0.631415,1.06988,1.22577,0.748043,0.62634,1.05367,1.02607,0.753282,1.24634,1.22131,1.07147,0.625248,0.620447,0.656926,0.762389,0.638405,0.754078,1.16553,1.20986,0.797221,1.10694,0.777633
1,0,1000,0.75,0.01,889.162,259.225,245.667,217.465,239.544,205.777,254.102,4.26589,5.04862,5.02643,4.25921,4.27386,4.44918,4.82351,4.27858,5.01479,4.80911,4.54394,4.91972,4.98641,4.16918,4.26636,4.22789,5.20811,4.6027,4.22146,4.09353,4.75271,4.32968,4.24033,4.99807,4.12141,4.25781,4.28273,4.64467,4.66302,1.22148,0.623997,0.764656,0.763769,1.25215,0.73574,1.07254,0.635015,1.07193,1.22848,0.751086,0.629934,1.05723,1.02808,0.757414,1.24837,1.22431,1.07541,0.628749,0.623631,0.660438,0.766012,0.641963,0.758265,1.16684,1.2126,0.799422,1.1101,0.781368
2,1,0.1,1,0.01,809.785,-351.156,-27.6661,-635.754,-900,-144.75,-210.605,40.1109,13.3678,7.31998,1.0943,0.948847,0.683217,6.61301,5.91098,4.61552,10.5484,1.13809,8.79483,5.00796,10.2769,0.851545,3.52768,49.5715,9.03192,3.62654,5.97893,2.48756,0.957228,1.10385,2.827,5.54546,0.906705,0.93848,1.40962,3.64963,2,0.5,0.5,0.5,0.628836,0.5,2,0.5,1.78826,2,0.5,0.5,2,1.07658,1.09417,0.79153,2,0.5,0.5,0.5,0.5,0.5,0.5,1.41302,1.01175,2,0.5,2,0.5
2,0,0.1,0.75,0.01,897.808,319.837,51.8699,476.128,714.393,147.702,169.939,22.1782,11.1952,7.73991,1.66314,1.42613,1.17338,6.5971,5.58232,4.10768,9.41738,1.65167,7.4345,4.99647,6.87342,1.25287,3.69325,30.3312,7.41276,3.10487,4.59169,3.1634,1.60915,1.6021,2.77723,4.9186,1.31967,1.54107,2.14424,3.74467,1.47141,0.5,0.47313,0.551726,0.852514,0.432432,1.68159,0.5,1.4852,1.76544,0.50916,0.5,1.81258,1.04189,1.1358,0.855232,1.69331,0.728555,0.5,0.5,0.5,0.587537,0.5,1.23387,1.0764,1.88265,0.60827,1.64719,0.333068
2,1,1,1,0.01,1152.82,-251.827,-157.71,-218.285,-265.989,-173.022,-223.351,5.02463,6.07512,5.48554,2.87146,2.7444,3.14864,5.43164,3.7134,4.88974,5.39824,3.35163,5.56593,5.00271,3.87211,2.69423,3.41857,8.00032,5.15984,3.32325,3.93167,4.24554,2.82625,2.88559,4.48226,3.85535,2.70453,2.77979,3.54029,4.38185,1.44656,0.5,0.5,0.5,1.25733,0.5,1.15598,0.5,1.07728,1.61727,0.5,0.5,1.12351,0.891855,0.5,1.2691,1.53748,0.831251,0.5,0.5,0.5,0.5,0.5,0.5,1.19184,1.59142,0.5,1.23871,0.5
2,0,1,0.75,0.01,1157.25,245.784,170.902,213.116,252.077,172.598,221.793,4.78956,5.92424,5.52802,3.18555,3.07144,3.3565,5.32689,3.83182,4.86159,5.26329,3.58258,5.42499,4.99262,3.79657,3.00154,3.55921,7.4955,4.82386,3.3913,3.64947,4.34161,3.21905,3.1405,4.48322,3.78478,3.01285,3.136,3.85575,4.30118,1.34445,0.5,0.498983,0.509486,1.31154,0.487354,1.10761,0.5,1.09635,1.49201,0.495146,0.5,1.07547,0.920345,0.546659,1.29498,1.49712,0.914104,0.5,0.5,0.5,0.512189,0.5,0.564126,1.21959,1.41109,0.590095,1.19976,0.482337
2,1,10,1,0.01,1128.33,-232.379,-206.934,-175.135,-202.968,-164.142,-225.82,3.71488,5.19826,5.07766,3.58101,3.53992,4.0428,4.87191,3.63742,5.0015,4.67171,4.12354,4.97594,4.97904,3.48402,3.52785,3.54712,5.62206,4.39229,3.49896,3.54725,4.55676,3.64351,3.55573,4.91875,3.56976,3.51176,3.57405,4.26601,4.39829,1.32353,0.5,0.5,0.5,1.29122,0.5,0.983025,0.5,1.00379,1.35675,0.5,0.5,0.951068,0.919752,0.5,1.31531,1.30329,0.914034,0.5,0.5,0.5,0.5,0.5,0.5,1.18945,1.33896,0.579521,1.04363,0.5
2,0,10,0.75,0.01,1121.43,233.849,209.233,178.524,205.067,167.27,226.812,3.76685,5.18304,5.07827,3.64908,3.61365,4.0666,4.85415,3.70304,5.00134,4.68365,4.15896,4.96515,4.97888,3.54488,3.60087,3.61368,5.58026,4.39103,3.56666,3.57928,4.56882,3.71728,3.62057,4.92339,3.61139,3.58533,3.64829,4.30658,4.40847,1.32266,0.5,0.519424,0.519211,1.30231,0.520778,1.00022,0.5,1.02236,1.34655,0.515335,0.5,0.965054,0.937553,0.518643,1.32268,1.2996,0.932861,0.5,0.5,0.5,0.523861,0.5,0.52286,1.20042,1.33038,0.609062,1.05445,0.524992
2,1,100,1,0.01,1039.05,-237.778,-215.632,-186.154,-209.787,-174.258,-230.09,3.8541,5.13862,5.06577,3.79431,3.78003,4.17622,4.79804,3.82447,4.99824,4.70535,4.26274,4.91368,4.97963,3.67702,3.76979,3.75336,5.46462,4.43458,3.72098,3.67997,4.62006,3.87068,3.77196,4.94561,3.69958,3.75585,3.80592,4.39915,4.47571,1.3054,0.5,0.57263,0.569689,1.30615,0.566763,1.01772,0.5,1.03887,1.31425,0.566223,0.5,0.985938,0.974431,0.566484,1.32081,1.27728,0.971925,0.5,0.5,0.5,0.575779,0.5,0.568509,1.20461,1.3011,0.651231,1.06377,0.580542
2,0,100,0.75,0.01,1053.6,238.149,215.761,186.969,210.238,174.829,230.128,3.86,5.13757,5.0659,3.80385,3.79094,4.17355,4.7965,3.83181,4.99816,4.70773,4.26499,4.91266,4.97988,3.686,3.78087,3.76343,5.46265,4.43532,3.73197,3.69096,4.61934,3.88046,3.78265,4.94686,3.70765,3.76708,3.81586,4.40347,4.47636,1.30976,0.5,0.578637,0.575004,1.3134,0.570739,1.02394,0.5,1.0441,1.31622,0.57157,0.5,0.990503,0.979238,0.57232,1.32708,1.2797,0.977401,0.5,0.5,0.5,0.581756,0.5,0.57401,1.20937,1.30397,0.655291,1.07015,0.586047
2,1,1000,1,0.01,1040.21,-239.993,-217.527,-189.725,-212.609,-176.828,-231.767,3.88312,5.13646,5.06783,3.83023,3.81919,4.18212,4.78972,3.85692,4.99533,4.71287,4.2767,4.90698,4.98011,3.71338,3.80995,3.79398,5.45678,4.4371,3.76336,3.71746,4.62353,3.90666,3.81051,4.94535,3.73126,3.79617,3.84392,4.41655,4.48247,1.30979,0.5,0.591772,0.58639,1.3206,0.580556,1.03296,0.5,1.05221,1.31116,0.583718,0.5,0.996557,0.987979,0.584667,1.3317,1.27645,0.985279,0.5,0.5,0.5,0.594691,0.5,0.585513,1.2148,1.30045,0.664802,1.07808,0.597882
2,0,1000,0.75,0.01,1054.49,239.811,217.182,189.652,212.356,176.759,231.385,3.88178,5.13595,5.06744,3.83083,3.82036,4.17797,4.79026,3.85617,4.99597,4.71337,4.27546,4.90763,4.98024,3.7133,3.81104,3.79393,5.45678,4.43721,3.7638,3.71913,4.62194,3.90748,3.81161,4.94666,3.73144,3.79736,3.8444,4.41653,4.48143,1.31307,0.5,0.593085,0.587601,1.32429,0.581125,1.03543,0.5,1.05414,1.3139,0.584764,0.5,0.998494,0.989431,0.586042,1.33528,1.27908,0.987455,0.5,0.5,0.5,0.596029,0.5,0.586839,1.21703,1.30349,0.665507,1.08093,0.599126
3,1,0.1,1,0.01,851.182,-833.049,-49.4794,-757.752,-773.664,-65.8586,-174.04,26.3661,10.6663,7.30817,0.490582,0.408209,1.03778,9.71179,4.73504,3.9919,15.7087,0.876245,10.7371,5.1279,6.40797,0.347191,2.61029,21.252,12.0036,2.04048,5.93717,3.43026,0.437436,0.563492,2.82683,4.25939,0.373959,0.443217,0.964562,5.18838,1.64952,0.5,0.5,0.5,1.06013,0.5,1.71588,0.5,1.61135,2,0.5,0.5,1.89109,2,0.5,0.964532,2,0.5,0.5,0.5,0.5,0.5,0.5,0.5,1.74214,2,0.5,1.07952,0.5
3,0,0.1,0.75,0.01,991.804,564.124,69.974,521.887,555.148,83.8316,179.805,20.0816,9.29112,7.33599,0.948885,0.778787,1.28749,8.17945,5.51781,4.0308,11.7337,1.26458,9.08153,5.02616,5.61025,0.65763,3.04542,16.5654,7.44948,2.2545,3.9844,3.52071,0.926934,0.93728,2.90694,4.05952,0.698906,0.906081,1.54978,4.10168,1.29493,0.5,0.5,0.5,1.12855,0.5,1.53463,0.5,1.86625,1.64294,0.5,0.5,1.69707,1.60544,0.5,1.00315,1.85825,0.557603,0.5,0.5,0.5,0.5,0.5,0.5,1.76567,1.40837,0.297737,0.986808,0.5
3,1,1,1,0.01,1171.29,-289.645,-173.766,-216.065,-215.056,-149.75,-216.151,4.07572,5.73274,5.45116,2.32665,2.20373,3.49819,5.85144,3.22048,4.78887,5.64522,3.17722,5.74738,5.01686,3.14702,2.13879,2.89562,6.68033,5.35142,2.67863,3.56362,4.54075,2.31749,2.38369,4.53741,3.34001,2.15172,2.2664,3.27347,4.63405,1.2409,0.5,0.5,0.5,1.38302,0.5,0.93156,0.5,0.945325,1.47575,0.5,0.5,0.87257,0.900443,0.5,1.30738,1.46667,0.688124,0.5,0.5,0.5,0.5,0.5,0.5,1.26406,1.30105,0.5,1.04778,0.5
3,0,1,0.75,0.01,1184.22,269.669,182.244,205.514,211.427,153.154,215.21,4.20633,5.68709,5.48941,2.69272,2.5556,3.50957,5.65824,3.51537,4.81126,5.41539,3.37228,5.64721,4.99717,3.2626,2.46782,3.14216,6.56002,4.79218,2.86507,3.28443,4.48948,2.74425,2.65972,4.50737,3.39071,2.48171,2.66547,3.58562,4.35735,1.21538,0.5,0.5,0.5,1.3605,0.5,0.954795,0.5,1.02612,1.39983,0.5,0.5,0.888415,0.898155,0.5,1.2955,1.43666,0.738735,0.5,0.5,0.5,0.5,0.5,0.5,1.28002,1.23747,0.447836,1.02464,0.5
3,1,10,1,0.01,1147.12,-234.99,-204.755,-170.847,-198.379,-155.028,-225.233,3.5871,5.26147,5.11455,3.34161,3.28245,3.97988,4.97825,3.46064,4.9681,4.70441,3.98463,5.03895,4.98159,3.29329,3.25924,3.35975,5.74214,4.42137,3.2697,3.44969,4.54605,3.39829,3.32754,4.86671,3.44476,3.24792,3.32534,4.12519,4.38478,1.30053,0.5,0.5,0.5,1.28756,0.5,0.929429,0.5,0.957774,1.36193,0.5,0.5,0.896159,0.890445,0.5,1.30552,1.30372,0.85019,0.5,0.5,0.5,0.5,0.5,0.5,1.17814,1.32338,0.502936,1.01224,0.5
3,0,10,0.75,0.01,1142.42,234.294,205.32,171.927,199.52,157.249,225.364,3.6188,5.2461,5.10493,3.39957,3.34529,3.9958,4.95165,3.50437,4.97642,4.69603,4.01876,5.02289,4.98103,3.33997,3.32396,3.4067,5.71186,4.41368,3.3258,3.47365,4.54875,3.45807,3.38275,4.87965,3.47557,3.31218,3.38585,4.15997,4.38828,1.30624,0.5,0.5,0.5,1.28861,0.5,0.942357,0.5,0.969039,1.36065,0.5,0.5,0.909695,0.897577,0.5,1.30805,1.30349,0.865691,0.5,0.5,0.5,0.5,0.5,0.5,1.18099,1.32729,0.521047,1.02005,0.5
3,1,100,1,0.01,1115.01,-232.236,-206.865,-174.153,-202.213,-162.612,-225.737,3.69443,5.20826,5.08088,3.55113,3.5093,4.04031,4.8831,3.61394,4.99648,4.6697,4.10864,4.9797,4.97941,3.45611,3.49352,3.52706,5.63686,4.3883,3.46942,3.53207,4.55606,3.61415,3.52651,4.91086,3.55314,3.4802,3.54433,4.25084,4.39543,1.31793,0.5,0.5,0.5,1.28818,0.5,0.972796,0.5,0.995741,1.35439,0.5,0.5,0.942146,0.914548,0.5,1.31166,1.29969,0.903994,0.5,0.5,0.5,0.5,0.5,0.5,1.18604,1.33426,0.569145,1.03714,0.5
3,0,100,0.75,0.01,1118.34,232.232,206.905,174.416,202.404,162.984,225.742,3.69971,5.20626,5.07971,3.55821,3.51722,4.04122,4.88049,3.62016,4.99773,4.67002,4.1122,4.97853,4.9794,3.46306,3.5016,3.53316,5.63313,4.38889,3.47702,3.53568,4.55626,3.62153,3.53335,4.91281,3.55726,3.4883,3.55174,4.25464,4.39628,1.31932,0.5,0.5,0.5,1.28907,0.5,0.975146,0.5,0.997709,1.355,0.5,0.5,0.944487,0.915738,0.5,1.31266,1.30047,0.906464,0.5,0.5,0.5,0.5,0.5,0.5,1.18693,1.33547,0.571689,1.03881,0.5
3,1,1000,1,0.01,1115.55,-232.382,-207.269,-175.191,-203.122,-164.007,-226.043,3.71352,5.20157,5.07704,3.57665,3.53751,4.0463,4.87263,3.6365,5.00029,4.66982,4.12236,4.97433,4.97927,3.48089,3.52246,3.54948,5.62367,4.38911,3.4969,3.54436,4.55764,3.64054,3.55094,4.91676,3.56798,3.50911,3.57116,4.26476,4.39876,1.32098,0.5,0.5,0.5,1.28981,0.5,0.98012,0.5,1.00195,1.35458,0.5,0.5,0.949477,0.918318,0.5,1.31356,1.30062,0.911833,0.5,0.5,0.5,0.5,0.5,0.5,1.18825,1.3365,0.577957,1.04191,0.5
3,0,1000,0.75,0.01,1118.75,232.341,207.208,175.195,203.086,164.032,225.97,3.71404,5.20125,5.07683,3.57738,3.53841,4.04571,4.87264,3.6371,5.00059,4.67012,4.1225,4.9745,4.9793,3.48166,3.52333,3.54999,5.62324,4.3895,3.49765,3.5449,4.55744,3.64135,3.55169,4.91724,3.5684,3.51001,3.57188,4.26509,4.39877,1.32161,0.5,0.5,0.5,1.2903,0.5,0.980647,0.5,1.00237,1.35514,0.5,0.5,0.949993,0.918568,0.5,1.31408,1.30116,0.912352,0.5,0.5,0.5,0.5,0.5,0.5,1.18859,1.33715,0.578314,1.0424,0.5
4,0,0.1,1,,1087.32,531.529,148.598,233.912,318.603,143.688,198.513,6.59003,6.58532,6.29495,1.93645,1.81018,3.16646,8.15059,3.40519,4.78535,13.2286,2.7045,7.06932,4.84691,3.08879,1.74491,2.65691,10.2297,8.88775,2.36406,4.09886,4.12091,1.90556,1.97187,4.29086,3.69113,2.23339,1.88353,2.72345,4.61605,2,0.5,0.5,0.5,1.29273,0.5,1.58047,0.5,0.973401,1.78947,0.5,0.5,1.03963,0.907253,0.5,1.39344,1.46682,0.594847,0.5,0.5,0.5,0.5,0.5,0.5,1.1803,1.94157,0.5,0.954256,0.5
4,0,0.1,0.75,0.01,1107.73,456.68,154.526,229.317,288.785,145.18,202.783,5.84409,6.36096,6.07249,2.02739,1.90143,3.24632,7.50253,3.35804,4.78623,10.6919,2.81564,6.71276,4.88885,3.10325,1.83599,2.71468,9.19595,7.82909,2.43905,3.95795,4.22208,2.00111,2.06763,4.35122,3.60003,2.21269,1.97271,2.85162,4.62054,1.77503,0.5,0.5,0.5,1.31474,0.5,1.38482,0.5,0.966305,1.70528,0.5,0.5,0.995086,0.905546,0.5,1.37141,1.46678,0.616909,0.5,0.5,0.5,0.5,0.5,0.5,1.2007,1.75666,0.5,0.976823,0.5
4,0,1,1,,1112.62,379.47,140.325,231.174,251.659,147.915,193.721,4.36886,6.23751,6.00287,1.75242,1.56064,3.31985,7.16884,3.05225,4.79053,7.52101,2.58425,6.59694,4.92836,2.84537,1.49101,2.55912,8.17146,6.47622,2.22045,3.88436,4.20091,1.65091,1.7806,4.35009,3.47661,1.53376,1.6763,2.49895,4.63788,1.44882,0.5,0.5,0.5,1.32119,0.5,1.06802,0.5,0.874185,1.64573,0.5,0.5,0.909883,0.832605,0.5,1.36872,1.50869,0.58502,0.5,0.5,0.5,0.5,0.5,0.5,1.13622,1.48197,0.5,0.928215,0.5
4,0,1,0.75,0.01,1127.01,354.69,148.027,227.301,241.962,148.372,199.1,4.29366,6.1073,5.85992,1.8811,1.70125,3.36356,6.814,3.09347,4.79011,7.00047,2.72121,6.37345,4.95034,2.91796,1.63175,2.63939,7.77006,6.1746,2.32706,3.80157,4.28341,1.79699,1.91531,4.39618,3.44195,1.66922,1.80759,2.67344,4.63692,1.39378,0.5,0.5,0.5,1.33638,0.5,1.03213,0.5,0.891451,1.60148,0.5,0.5,0.900408,0.84907,0.5,1.35312,1.49807,0.609249,0.5,0.5,0.5,0.5,0.5,0.5,1.16692,1.43451,0.5,0.956762,0.5
4,0,10,1,,1152.51,296.728,170.038,213.469,216.797,147.933,213.889,4.00717,5.78801,5.5285,2.24024,2.10571,3.50358,5.99118,3.15515,4.78192,5.80742,3.10059,5.8255,5.00929,3.0556,2.03926,2.82653,6.86078,5.43507,2.59121,3.57404,4.51135,2.21791,2.29564,4.51312,3.32553,2.05594,2.1753,3.16982,4.63879,1.25145,0.5,0.5,0.5,1.35022,0.5,0.927174,0.5,0.916085,1.48265,0.5,0.5,0.861153,0.878936,0.5,1.30108,1.45449,0.667988,0.5,0.5,0.5,0.5,0.5,0.5,1.22411,1.30913,0.5,1.01151,0.5
4,0,10,0.75,0.01,1157.18,294.941,170.962,214.115,216.36,148.385,214.452,4.0242,5.77415,5.50906,2.26154,2.1298,3.50223,5.95594,3.17136,4.78366,5.76644,3.11957,5.80587,5.01118,3.0782,2.0637,2.84364,6.81522,5.41404,2.61279,3.57143,4.51868,2.2424,2.31735,4.51918,3.32915,2.07948,2.19773,3.19542,4.63761,1.2488,0.5,0.5,0.5,1.35834,0.5,0.928268,0.5,0.923309,1.48093,0.5,0.5,0.863993,0.884264,0.5,1.30265,1.45753,0.672966,0.5,0.5,0.5,0.5,0.5,0.5,1.23397,1.3071,0.5,1.02046,0.5
4,0,100,1,,1146.2,290.772,173.655,216.006,215.464,149.709,216.33,4.07137,5.73706,5.46091,2.31749,2.19322,3.50815,5.87152,3.21502,4.78778,5.66963,3.17149,5.75835,5.01653,3.13892,2.12788,2.88862,6.69688,5.37273,2.66938,3.56875,4.54418,2.3067,2.37466,4.53546,3.34087,2.14135,2.25642,3.26285,4.64492,1.23568,0.5,0.5,0.5,1.36868,0.5,0.926684,0.5,0.938123,1.46901,0.5,0.5,0.868313,0.896062,0.5,1.29853,1.45721,0.683985,0.5,0.5,0.5,0.5,0.5,0.5,1.25296,1.29571,0.5,1.0375,0.5
4,0,100,0.75,0.01,1152.42,290.49,173.683,216.021,215.362,149.719,216.285,4.07246,5.73598,5.45847,2.31978,2.19585,3.50566,5.86649,3.21639,4.78805,5.66351,3.17292,5.7556,5.01661,3.14094,2.1306,2.89037,6.69274,5.3674,2.67169,3.56747,4.54332,2.30939,2.37691,4.53595,3.34065,2.14394,2.25891,3.26551,4.6422,1.23698,0.5,0.5,0.5,1.37225,0.5,0.9279,0.5,0.939919,1.47069,0.5,0.5,0.869375,0.897155,0.5,1.30074,1.45957,0.685017,0.5,0.5,0.5,0.5,0.5,0.5,1.25573,1.29704,0.5,1.04006,0.5
4,0,1000,1,,1149.48,290.275,174.038,216.353,215.477,149.856,216.627,4.07554,5.73313,5.45259,2.32583,2.20266,3.50291,5.85403,3.22011,4.78835,5.64829,3.17753,5.74854,5.01689,3.14634,2.1377,2.89508,6.68158,5.35556,2.67768,3.56507,4.54328,2.31639,2.38292,4.53683,3.34069,2.15069,2.26546,3.27267,4.63775,1.23748,0.5,0.5,0.5,1.37754,0.5,0.929258,0.5,0.943026,1.47096,0.5,0.5,0.870544,0.899179,0.5,1.3032,1.46113,0.686651,0.5,0.5,0.5,0.5,0.5,0.5,1.26039,1.29738,0.5,1.04434,0.5
4,0,1000,0.75,0.01,1154.89,290.117,173.97,216.281,215.372,149.829,216.508,4.07559,5.73303,5.45223,2.32604,2.20293,3.50173,5.85338,3.2202,4.78848,5.64753,3.17746,5.74825,5.01688,3.14651,2.13797,2.89521,6.68127,5.35453,2.67792,3.56471,4.54265,2.31667,2.38311,4.53698,3.34052,2.15094,2.2657,3.27287,4.63682,1.23833,0.5,0.5,0.5,1.37891,0.5,0.929833,0.5,0.943601,1.47215,0.5,0.5,0.87105,0.899495,0.5,1.30424,1.46252,0.687019,0.5,0.5,0.5,0.5,0.5,0.5,1.26131,1.2983,0.5,1.0452,0.5
5,1,0.1,1,0.01,641.876,-900,-28.4651,-339.777,-377.162,-148.571,-80.5973,8.94382,9.0244,20.5148,0.438415,0.33563,1.82921,13.1288,2.54211,3.70152,71.9126,0.819945,11.1207,5.11888,2.26383,0.292212,1.42961,42.1184,41.8668,1.05258,8.32981,4.30601,0.333159,0.472499,3.51562,3.75275,0.336657,0.402839,0.643634,7.53391,2,0.5,0.5,0.5,0.586052,0.5,2,0.5,1.35023,2,0.5,0.5,1.56271,1.30424,0.5,2,0.933716,0.5,0.5,0.5,0.5,0.5,0.5,0.5,0.737295,2,0.5,0.5,0.5
5,0,0.1,0.75,0.01,726.822,759.603,43.6644,295.175,361.179,153.729,93.6065,7.22077,8.19691,13.6066,0.643907,0.4999,2.08286,13.1873,2.47758,4.23301,35.9751,1.14447,10.6886,4.91261,2.27987,0.438825,1.58559,25.2425,29.2727,1.18625,6.4626,4.82076,0.516581,0.680352,3.71283,3.83222,0.493091,0.579896,0.974206,7.20979,2.40238,0.5,0.5,0.5,0.769305,0.5,1.87802,0.5,1.06637,1.74473,0.5,0.5,1.31585,1.08955,0.5,1.26021,1.02987,0.536457,0.5,0.5,0.5,0.5,0.5,0.5,0.908688,2.36143,0.5,0.618766,0.5
5,1,1,1,0.01,995.155,-443.631,-98.2758,-278.349,-258.768,-157.795,-148.56,4.6133,6.85897,6.6268,1.42632,1.22403,2.93668,8.3345,2.76563,4.59345,9.91539,2.12328,7.43641,4.99368,2.6751,1.15452,2.35206,10.3055,8.15838,1.94822,4.68456,4.06108,1.27782,1.48059,4.11527,3.69307,1.20702,1.33727,2.02811,4.64562,1.83779,0.5,0.5,0.5,1.17867,0.5,1.17563,0.5,0.89325,1.81851,0.5,0.5,0.977794,0.8745,0.5,1.4791,1.47188,0.53784,0.5,0.5,0.5,0.5,0.5,0.5,1.06583,1.82778,0.5,0.728006,0.5
5,0,1,0.75,0.01,1023.3,426.639,107.428,265.722,256.972,155.265,158.752,4.55094,6.69803,6.46499,1.50166,1.30068,3.02811,8.02642,2.83465,4.64194,9.2534,2.23017,7.21703,4.97727,2.71669,1.23076,2.4022,9.72472,7.70076,2.01298,4.47025,4.0956,1.36233,1.55048,4.17276,3.63772,1.28152,1.41499,2.13677,4.64368,1.73171,0.5,0.5,0.5,1.21279,0.5,1.14775,0.5,0.888445,1.77368,0.5,0.5,0.960355,0.863832,0.5,1.4507,1.481,0.549266,0.5,0.5,0.5,0.5,0.5,0.5,1.08301,1.73441,0.5,0.773594,0.5
5,1,10,1,0.01,1090.36,-378.895,-132.483,-237.514,-251.044,-147.647,-185.087,4.42593,6.34676,5.94335,1.71327,1.51864,3.2407,7.32507,2.99821,4.767,7.7076,2.51825,6.71135,4.93936,2.84118,1.44822,2.53795,8.33135,6.66084,2.18906,3.99027,4.14943,1.60261,1.74672,4.30873,3.51625,1.49314,1.63329,2.4403,4.57387,1.48935,0.5,0.5,0.5,1.28897,0.5,1.04477,0.5,0.869332,1.68387,0.5,0.5,0.918828,0.837729,0.5,1.36806,1.52905,0.581354,0.5,0.5,0.5,0.5,0.5,0.5,1.13165,1.52757,0.5,0.861971,0.5
5,0,10,0.75,0.01,1095.89,379.039,134.402,235.913,251.198,147.714,187.208,4.41159,6.31927,5.95817,1.72298,1.52903,3.26031,7.2857,3.01163,4.77287,7.66052,2.53459,6.68256,4.93661,2.84223,1.4588,2.54323,8.29109,6.6142,2.19687,3.96353,4.16224,1.61455,1.75513,4.31903,3.5063,1.50319,1.64394,2.45483,4.58979,1.47911,0.5,0.5,0.5,1.29695,0.5,1.05053,0.5,0.870542,1.67425,0.5,0.5,0.916584,0.836445,0.5,1.36823,1.52394,0.582268,0.5,0.5,0.5,0.5,0.5,0.5,1.1328,1.51604,0.5,0.878075,0.5
5,1,100,1,0.01,1108.54,-379.534,-139.372,-232.604,-251.499,-148.086,-192.633,4.39071,6.24231,5.98224,1.74677,1.55681,3.31501,7.16152,3.05011,4.79185,7.55041,2.57832,6.59849,4.92878,2.85202,1.48657,2.55337,8.16212,6.51885,2.21807,3.87039,4.19745,1.64611,1.77467,4.35125,3.46443,1.52997,1.67138,2.49307,4.63694,1.45058,0.5,0.5,0.5,1.30915,0.5,1.05966,0.5,0.870882,1.6585,0.5,0.5,0.913117,0.832183,0.5,1.36176,1.52254,0.586312,0.5,0.5,0.5,0.5,0.5,0.5,1.13218,1.48878,0.5,0.913679,0.5
5,0,100,0.75,0.01,1109.56,379.518,139.61,232.246,251.539,148.043,192.904,4.38524,6.24111,5.98739,1.74818,1.55777,3.31622,7.16335,3.05065,4.79152,7.54305,2.5798,6.5981,4.92867,2.85036,1.48768,2.55481,8.16446,6.50817,2.21867,3.87388,4.19831,1.64731,1.77615,4.35096,3.46747,1.53092,1.67261,2.49454,4.63717,1.45014,0.5,0.5,0.5,1.31215,0.5,1.06174,0.5,0.871707,1.6553,0.5,0.5,0.912307,0.832288,0.5,1.36349,1.51906,0.585989,0.5,0.5,0.5,0.5,0.5,0.5,1.13319,1.48707,0.5,0.917292,0.5
5,1,1000,1,0.01,1110.62,-379.627,-140.238,-231.469,-251.692,-147.972,-193.638,4.37273,6.23673,5.99903,1.75152,1.56031,3.31997,7.16271,3.05239,4.79125,7.52474,2.58378,6.59449,4.92822,2.84675,1.49056,2.55772,8.16667,6.48284,2.22021,3.8777,4.20086,1.65045,1.7795,4.35113,3.47188,1.53343,1.67572,2.4984,4.63845,1.44874,0.5,0.5,0.5,1.31883,0.5,1.06642,0.5,0.873461,1.64853,0.5,0.5,0.910592,0.832411,0.5,1.36714,1.51204,0.585439,0.5,0.5,0.5,0.5,0.5,0.5,1.13531,1.48309,0.5,0.925809,0.5
5,0,1000,0.75,0.01,1111.12,379.588,140.26,231.395,251.684,147.958,193.658,4.37176,6.23692,5.99999,1.75175,1.5604,3.31994,7.16424,3.05236,4.79107,7.52381,2.5839,6.5951,4.92825,2.84641,1.49067,2.55807,8.16787,6.48119,2.22027,3.87936,4.20087,1.65057,1.77977,4.35087,3.47306,1.53351,1.67587,2.49854,4.63831,1.44876,0.5,0.5,0.5,1.31942,0.5,1.06682,0.5,0.873642,1.64783,0.5,0.5,0.910415,0.832459,0.5,1.36754,1.5112,0.585334,0.5,0.5,0.5,0.5,0.5,0.5,1.13554,1.48281,0.5,0.92641,0.5
6,1,0.1,1,0.01,574.092,-900,-26.6184,-207.119,-554.386,-124.803,-73.7771,16.5223,9.54935,7.89818,0.42288,0.300595,3.90861,16.5912,4.56099,4.37402,52.5011,1.05575,12.154,4.49916,3.55602,0.264226,1.74459,19.7968,23.4068,1.27724,7.67405,2.70395,0.303958,0.406353,3.49455,4.96895,0.312641,0.385364,0.573371,7.14354,2,0.5,0.5,0.5,0.645124,0.5,2,0.5,0.521407,2,0.5,0.5,1.45097,0.5,0.5,2,1.20439,0.5,0.5,0.5,0.5,0.5,0.5,0.5,0.5,2,0.5,0.633362,0.5
6,0,0.1,0.75,0.01,655.893,758.888,38.6869,231.213,466.101,125.655,83.0103,11.6934,8.41001,7.51232,0.600516,0.436314,3.22198,15.6501,3.65226,4.79267,31.3129,1.28955,11.8596,4.47373,3.1413,0.385703,1.79827,15.2835,20.6974,1.31697,6.22592,3.16708,0.457196,0.581771,3.66561,4.63948,0.444159,0.542518,0.857632,6.06652,2.3109,0.5,0.5,0.5,0.868776,0.5,2.10258,0.5,0.575899,1.84503,0.5,0.5,1.44102,0.552793,0.5,1.39288,1.25321,0.47685,0.5,0.5,0.5,0.5,0.5,0.5,0.547614,1.98987,0.5,0.630295,0.5
6,1,1,1,0.01,930.047,-533.118,-76.2493,-242.254,-332.992,-143.025,-131.971,5.36226,6.64832,6.38686,1.19709,1.02007,3.81248,9.39983,3.14754,4.67038,12.2185,2.02416,8.34341,4.93285,2.85594,0.947978,2.27179,9.30302,8.87738,1.89632,5.02751,4.23163,1.04913,1.23683,4.24642,3.82278,1.01189,1.11795,1.69894,5.7293,2,0.5,0.5,0.5,0.997199,0.5,1.84307,0.5,0.773194,1.89332,0.5,0.5,1.10029,0.755876,0.5,2,1.41348,0.504348,0.5,0.5,0.5,0.5,0.5,0.5,0.628312,2,0.5,0.797005,0.5
6,0,1,0.75,0.01,944.778,510.096,81.4852,251.222,313.071,146.43,135.336,5.19109,6.69947,6.46661,1.25411,1.06723,3.58457,9.22401,3.05498,4.68579,11.5313,2.05731,8.14989,4.93624,2.80551,0.9951,2.29404,9.56062,8.74262,1.90267,4.90036,4.23331,1.10467,1.29339,4.22278,3.80514,1.05712,1.17193,1.78373,5.48591,2.14597,0.5,0.5,0.5,1.04093,0.5,1.59808,0.5,0.795109,1.85091,0.5,0.5,1.05625,0.778482,0.5,1.79728,1.44362,0.514162,0.5,0.5,0.5,0.5,0.5,0.5,0.722824,1.90031,0.5,0.79608,0.5
6,1,10,1,0.01,1007.66,-462.22,-96.0214,-274.264,-273.992,-155.401,-148.849,4.68578,6.77077,6.5589,1.39371,1.19975,3.08318,8.373,2.82023,4.6184,10.1231,2.12074,7.50842,4.98082,2.69805,1.12886,2.33002,9.98685,8.19715,1.94282,4.62369,4.11314,1.25011,1.44388,4.15725,3.64999,1.18359,1.30859,1.98872,4.81359,1.90027,0.5,0.5,0.5,1.13885,0.5,1.24472,0.5,0.86799,1.83488,0.5,0.5,0.997982,0.852481,0.5,1.54297,1.48155,0.541726,0.5,0.5,0.5,0.5,0.5,0.5,0.975516,1.84466,0.5,0.735105,0.5
6,0,10,0.75,0.01,1004.52,457.501,96.5801,275.28,270.104,155.996,148.777,4.66755,6.79271,6.57581,1.40179,1.20577,3.04589,8.36336,2.80648,4.61215,10.0708,2.12137,7.49035,4.98403,2.69229,1.13522,2.33551,10.0656,8.18744,1.94417,4.63883,4.10006,1.25698,1.45297,4.14671,3.66071,1.18941,1.3157,1.99849,4.77104,1.88445,0.5,0.5,0.5,1.14867,0.5,1.22708,0.5,0.874237,1.83077,0.5,0.5,0.992897,0.857933,0.5,1.52675,1.47913,0.540752,0.5,0.5,0.5,0.5,0.5,0.5,0.99735,1.84043,0.5,0.733324,0.5
6,1,100,1,0.01,1003.95,-447.357,-98.1526,-279.116,-260.77,-157.963,-148.796,4.63462,6.83632,6.61323,1.42117,1.22195,2.95713,8.29573,2.77646,4.60105,9.9497,2.12442,7.42361,4.99048,2.68263,1.15193,2.34493,10.2387,8.18199,1.94819,4.6336,4.06974,1.27531,1.47375,4.12727,3.66312,1.20497,1.33398,2.02426,4.67214,1.84335,0.5,0.5,0.5,1.16981,0.5,1.18067,0.5,0.888642,1.83334,0.5,0.5,0.983732,0.871022,0.5,1.48137,1.48764,0.540432,0.5,0.5,0.5,0.5,0.5,0.5,1.05294,1.83413,0.5,0.727009,0.5
6,0,100,0.75,0.01,1001.74,446.423,98.1834,278.924,260.268,157.921,148.737,4.62928,6.84197,6.61662,1.42246,1.22247,2.95201,8.30541,2.77375,4.59915,9.94111,2.12414,7.42681,4.99128,2.68075,1.15258,2.34671,10.2554,8.17608,1.9482,4.64629,4.06758,1.27594,1.47545,4.12426,3.67059,1.20548,1.3348,2.02522,4.6655,1.84196,0.5,0.5,0.5,1.17202,0.5,1.17941,0.5,0.889792,1.82962,0.5,0.5,0.982244,0.87189,0.5,1.4808,1.48369,0.539783,0.5,0.5,0.5,0.5,0.5,0.5,1.05615,1.83254,0.5,0.727258,0.5
6,1,1000,1,0.01,999.973,-443.821,-98.2456,-278.389,-258.826,-157.83,-148.531,4.61661,6.85545,6.62464,1.42558,1.22387,2.9384,8.32526,2.76719,4.59477,9.9204,2.12339,7.43259,4.99318,2.67632,1.15427,2.35074,10.296,8.16237,1.94828,4.67404,4.06167,1.2776,1.47954,4.11736,3.68694,1.20685,1.33687,2.02768,4.64858,1.83978,0.5,0.5,0.5,1.178,0.5,1.17658,0.5,0.892956,1.82307,0.5,0.5,0.979314,0.874261,0.5,1.47997,1.4764,0.538498,0.5,0.5,0.5,0.5,0.5,0.5,1.06466,1.83047,0.5,0.727989,0.5
6,0,1000,0.75,0.01,998.766,443.773,98.2531,278.379,258.812,157.821,148.538,4.61578,6.85633,6.62518,1.42576,1.22391,2.93797,8.32757,2.7668,4.59444,9.91915,2.12336,7.43355,4.9933,2.67601,1.15433,2.35107,10.2983,8.16137,1.94826,4.67667,4.06152,1.27766,1.4798,4.11684,3.68847,1.20689,1.33697,2.02779,4.64784,1.83929,0.5,0.5,0.5,1.17817,0.5,1.17634,0.5,0.89303,1.82193,0.5,0.5,0.978934,0.87432,0.5,1.47975,1.47527,0.538334,0.5,0.5,0.5,0.5,0.5,0.5,1.06495,1.8298,0.5,0.727993,0.5
7,1,0.1,1,0.01,594.871,-900,-31.8167,-295.587,-312.999,-48.098,-104.174,14.2695,10.9067,5.9372,0.392978,0.317501,1.48644,18.7633,2.16306,4.06428,53.7659,0.693038,11.1175,5.54974,3.786,0.25948,1.52444,15.501,49.0492,1.20192,7.43678,3.34359,0.297013,0.412336,4.19622,3.98516,0.317467,0.353015,0.596391,4.2526,2,0.5,0.5,0.5,2,0.5,2,0.5,1.81581,2,0.5,0.5,0.5,1.71663,0.5,2,1.77362,0.504348,0.5,0.5,0.5,0.5,0.5,0.5,2,2,0.5,0.5,0.5
7,0,0.1,0.75,0.01,661.003,826.094,42.0281,252.705,348.432,69.6787,97.6726,12.4228,9.17962,6.2638,0.539002,0.410872,1.82742,16.6162,2.77109,4.5249,31.1265,0.9801,11.3363,4.87584,3.25541,0.348571,1.67098,13.8493,30.1454,1.24744,6.35953,4.00695,0.419215,0.53481,3.87509,4.28665,0.411591,0.489243,0.811486,5.44581,2,0.5,0.5,0.5,1.81388,0.5,1.78676,0.5,1.36051,2.82143,0.5,0.5,0.626075,1.29697,0.5,2,1.31556,0.504348,0.5,0.5,0.5,0.5,0.5,0.5,1.68926,2,0.5,0.52754,0.5
7,1,1,1,0.01,879.425,-580.213,-70.8353,-243.388,-341.624,-123.188,-128.756,6.24764,7.15257,6.06361,1.0174,0.832544,3.41739,11.0988,3.13655,4.7948,13.998,1.75474,8.95707,4.87558,2.89424,0.763096,2.18506,9.61542,10.3412,1.74763,5.10965,4.07856,0.86259,1.02473,4.24305,4.03666,0.830881,0.943508,1.45112,5.47095,2,0.5,0.5,0.5,1.0906,0.5,1.7994,0.5,0.832144,2,0.5,0.5,0.881388,0.81703,0.5,2,1.59046,0.504348,0.5,0.5,0.5,0.5,0.5,0.5,0.735315,2,0.5,0.675809,0.5
7,0,1,0.75,0.01,891.178,565.768,72.5407,241.88,343.375,128.747,128.269,6.07315,6.95995,6.20566,1.0619,0.868703,3.53073,10.8253,3.20753,4.82512,13.3688,1.83047,8.85831,4.83765,2.86607,0.800344,2.22105,9.4454,9.79445,1.77647,5.03212,4.12858,0.905125,1.06577,4.24716,4.04414,0.867334,0.987547,1.51088,5.54618,2,0.5,0.5,0.5,1.05334,0.5,1.75894,0.5,0.813709,2.08439,0.5,0.5,0.928731,0.796766,0.5,2,1.49359,0.504348,0.5,0.5,0.5,0.5,0.5,0.5,0.720526,2,0.5,0.716349,0.5
7,1,10,1,0.01,924.896,-523.524,-77.2815,-240.34,-340.447,-142.765,-130.152,5.71052,6.71206,6.27068,1.16717,0.964792,3.77085,9.89196,3.34859,4.85372,11.9241,1.997,8.37949,4.79412,2.84163,0.899931,2.30538,9.18424,8.47561,1.86877,4.7275,4.16091,1.01195,1.16446,4.25954,3.95398,0.963977,1.09505,1.64909,5.6224,2,0.5,0.5,0.5,0.973708,0.5,1.79163,0.5,0.77596,1.95411,0.5,0.5,1.01944,0.757761,0.5,2,1.48751,0.504348,0.5,0.5,0.5,0.5,0.5,0.5,0.643885,2,0.5,0.796965,0.5
7,0,10,0.75,0.01,926.54,523.351,77.2574,240.117,340.46,143.484,130.004,5.68064,6.69439,6.33185,1.17538,0.971898,3.78833,9.87686,3.35147,4.85541,11.9156,2.00784,8.37258,4.7969,2.84036,0.90729,2.31415,9.21869,8.449,1.8755,4.7364,4.16929,1.01939,1.17323,4.26548,3.96187,0.971101,1.10282,1.65895,5.63149,2,0.5,0.5,0.5,0.971508,0.5,1.78972,0.5,0.775522,1.93999,0.5,0.5,1.01841,0.756187,0.5,2,1.48158,0.504348,0.5,0.5,0.5,0.5,0.5,0.5,0.645466,2,0.5,0.801785,0.5
7,1,100,1,0.01,928.17,-522.154,-77.2952,-239.475,-340.067,-145.313,-129.666,5.60227,6.64411,6.46368,1.19393,0.989113,3.82944,9.7767,3.35932,4.86162,11.8543,2.03433,8.32326,4.80037,2.83387,0.925191,2.32959,9.27314,8.34991,1.89046,4.7101,4.18585,1.03768,1.19208,4.28211,3.95214,0.988389,1.12145,1.68299,5.64753,2,0.5,0.5,0.5,0.967227,0.5,1.79001,0.5,0.774767,1.91994,0.5,0.5,1.02163,0.752571,0.5,2,1.47981,0.504348,0.5,0.5,0.5,0.5,0.5,0.5,0.64813,2,0.5,0.81511,0.5
7,0,100,0.75,0.01,928.999,522.324,77.2676,239.468,340.175,145.4,129.64,5.59969,6.6435,6.47745,1.19553,0.990215,3.83239,9.79042,3.35953,4.86133,11.8632,2.03593,8.3304,4.80159,2.83454,0.926324,2.33235,9.28554,8.35484,1.89181,4.72333,4.18802,1.03877,1.19404,4.28242,3.96049,0.989488,1.1227,1.68446,5.65036,2,0.5,0.5,0.5,0.966655,0.5,1.78851,0.5,0.774628,1.91449,0.5,0.5,1.02005,0.752299,0.5,2,1.47582,0.504348,0.5,0.5,0.5,0.5,0.5,0.5,0.648655,2,0.5,0.815437,0.5
7,1,1000,1,0.01,931.358,-522.609,-77.1994,-239.384,-340.345,-145.613,-129.563,5.59106,6.6408,6.51122,1.19935,0.992971,3.83932,9.81542,3.35974,4.86094,11.8812,2.03986,8.34344,4.80435,2.83544,0.929168,2.33838,9.31428,8.3622,1.89493,4.74934,4.19282,1.04153,1.19861,4.28378,3.97695,0.992236,1.12576,1.68815,5.65616,2,0.5,0.5,0.5,0.965656,0.5,1.78581,0.5,0.774482,1.90373,0.5,0.5,1.01688,0.751727,0.5,2,1.46829,0.504348,0.5,0.5,0.5,0.5,0.5,0.5,0.650039,2,0.5,0.816565,0.5
7,0,1000,0.75,0.01,931.391,522.665,77.1958,239.4,340.383,145.625,129.563,5.59129,6.64102,6.51315,1.1996,0.993111,3.8398,9.8195,3.35984,4.86082,11.8835,2.04008,8.34554,4.80457,2.83572,0.929309,2.33895,9.31642,8.36407,1.89516,4.75281,4.19324,1.04166,1.19895,4.28368,3.97912,0.992375,1.12593,1.68833,5.65683,2,0.5,0.5,0.5,0.965477,0.5,1.78535,0.5,0.774414,1.90235,0.5,0.5,1.01649,0.751666,0.5,2,1.4672,0.504348,0.5,0.5,0.5,0.5,0.5,0.5,0.650088,2,0.5,0.816529,0.5
