iteration,total_runs,obs_realization,par_realization,oname:hds_otype:lst_usecol:trgw_0_13_10,oname:hds_otype:lst_usecol:trgw_0_15_16,oname:hds_otype:lst_usecol:trgw_0_21_10,oname:hds_otype:lst_usecol:trgw_0_22_15,oname:hds_otype:lst_usecol:trgw_0_24_4,oname:hds_otype:lst_usecol:trgw_0_26_6,oname:hds_otype:lst_usecol:trgw_0_29_15,oname:hds_otype:lst_usecol:trgw_0_2_15,oname:hds_otype:lst_usecol:trgw_0_2_9,oname:hds_otype:lst_usecol:trgw_0_33_7,oname:hds_otype:lst_usecol:trgw_0_34_10,oname:hds_otype:lst_usecol:trgw_0_3_8,oname:hds_otype:lst_usecol:trgw_0_9_1,oname:hds_otype:lst_usecol:trgw_2_13_10,oname:hds_otype:lst_usecol:trgw_2_15_16,oname:hds_otype:lst_usecol:trgw_2_21_10,oname:hds_otype:lst_usecol:trgw_2_22_15,oname:hds_otype:lst_usecol:trgw_2_24_4,oname:hds_otype:lst_usecol:trgw_2_26_6,oname:hds_otype:lst_usecol:trgw_2_29_15,oname:hds_otype:lst_usecol:trgw_2_2_15,oname:hds_otype:lst_usecol:trgw_2_2_9,oname:hds_otype:lst_usecol:trgw_2_33_7,oname:hds_otype:lst_usecol:trgw_2_34_10,oname:hds_otype:lst_usecol:trgw_2_3_8,oname:hds_otype:lst_usecol:trgw_2_9_1,oname:sfr_otype:lst_usecol:gage_1,oname:sfr_otype:lst_usecol:headwater,oname:sfr_otype:lst_usecol:tailwater,oname:sfrtd_otype:lst_usecol:gage_1,oname:sfrtd_otype:lst_usecol:headwater,oname:sfrtd_otype:lst_usecol:tailwater,oname:hdstd_otype:lst_usecol:trgw_0_13_10,oname:hdstd_otype:lst_usecol:trgw_0_15_16,oname:hdstd_otype:lst_usecol:trgw_0_21_10,oname:hdstd_otype:lst_usecol:trgw_0_22_15,oname:hdstd_otype:lst_usecol:trgw_0_24_4,oname:hdstd_otype:lst_usecol:trgw_0_26_6,oname:hdstd_otype:lst_usecol:trgw_0_29_15,oname:hdstd_otype:lst_usecol:trgw_0_2_15,oname:hdstd_otype:lst_usecol:trgw_0_2_9,oname:hdstd_otype:lst_usecol:trgw_0_33_7,oname:hdstd_otype:lst_usecol:trgw_0_34_10,oname:hdstd_otype:lst_usecol:trgw_0_3_8,oname:hdstd_otype:lst_usecol:trgw_0_9_1,oname:hdstd_otype:lst_usecol:trgw_2_13_10,oname:hdstd_otype:lst_usecol:trgw_2_15_16,oname:hdstd_otype:lst_usecol:trgw_2_21_10,oname:hdstd_otype:lst_usecol:trgw_2_22_15,oname:hdstd_otype:lst_usecol:trgw_2_24_4,oname:hdstd_otype:lst_usecol:trgw_2_26_6,oname:hdstd_otype:lst_usecol:trgw_2_29_15,oname:hdstd_otype:lst_usecol:trgw_2_2_15,oname:hdstd_otype:lst_usecol:trgw_2_2_9,oname:hdstd_otype:lst_usecol:trgw_2_33_7,oname:hdstd_otype:lst_usecol:trgw_2_34_10,oname:hdstd_otype:lst_usecol:trgw_2_3_8,oname:hdstd_otype:lst_usecol:trgw_2_9_1,oname:hdsvd_otype:lst_usecol:trgw_0_13_10,oname:hdsvd_otype:lst_usecol:trgw_0_15_16,oname:hdsvd_otype:lst_usecol:trgw_0_21_10,oname:hdsvd_otype:lst_usecol:trgw_0_22_15,oname:hdsvd_otype:lst_usecol:trgw_0_24_4,oname:hdsvd_otype:lst_usecol:trgw_0_26_6,oname:hdsvd_otype:lst_usecol:trgw_0_29_15,oname:hdsvd_otype:lst_usecol:trgw_0_2_15,oname:hdsvd_otype:lst_usecol:trgw_0_2_9,oname:hdsvd_otype:lst_usecol:trgw_0_33_7,oname:hdsvd_otype:lst_usecol:trgw_0_34_10,oname:hdsvd_otype:lst_usecol:trgw_0_3_8,oname:hdsvd_otype:lst_usecol:trgw_0_9_1,part
0,200,0,0,0,0,0,0,0,18.1679,0,0,0,0,0,314.384,0,0,0,0,0,0,17.3439,0,0,0,0,0,312.09,0,27.4988,0,0,1609.52,0,0,0,0,0,0,0,31135,0,0,0,0,0,3292.19,0,0,0,0,0,0,31381.8,0,0,0,0,0,3000.09,0,0,0,0,0,0,8.31278,0,0,0,0,0,5.13377,0,0
0,200,1,1,0,0,0,0,0,4098.15,0,0,0,0,0,6773.79,0,0,0,0,0,0,4158.81,0,0,0,0,0,6778.47,0,172.369,0,0,421.815,0,0,0,0,0,0,0,3138.56,0,0,0,0,0,24991.4,0,0,0,0,0,0,3048.91,0,0,0,0,0,24853.5,0,0,0,0,0,0,105.412,0,0,0,0,0,5.21366,0,0
0,200,2,2,0,0,0,0,0,4.9059,0,0,0,0,0,15.0573,0,0,0,0,0,0,4.65441,0,0,0,0,0,13.8491,0,85.6004,0,0,320.043,0,0,0,0,0,0,0,894.452,0,0,0,0,0,2019.45,0,0,0,0,0,0,987.784,0,0,0,0,0,1862.35,0,0,0,0,0,0,11.7128,0,0,0,0,0,22.2895,0,0
0,200,3,3,0,0,0,0,0,333.562,0,0,0,0,0,136.599,0,0,0,0,0,0,327.426,0,0,0,0,0,132.036,0,182.15,0,0,1132.74,0,0,0,0,0,0,0,4008.44,0,0,0,0,0,1951.87,0,0,0,0,0,0,3925,0,0,0,0,0,1857.37,0,0,0,0,0,0,15.1138,0,0,0,0,0,30.683,0,0
0,200,4,4,0,0,0,0,0,3363.12,0,0,0,0,0,6936.71,0,0,0,0,0,0,3360.9,0,0,0,0,0,6906.91,0,788.688,0,0,834.529,0,0,0,0,0,0,0,1660.04,0,0,0,0,0,1862.22,0,0,0,0,0,0,1854.19,0,0,0,0,0,1912.16,0,0,0,0,0,0,15.7531,0,0,0,0,0,29.373,0,0
0,200,5,5,0,0,0,0,0,33.437,0,0,0,0,0,695.562,0,0,0,0,0,0,33.1866,0,0,0,0,0,664.684,0,212.309,0,0,791.447,0,0,0,0,0,0,0,3230.72,0,0,0,0,0,4166.1,0,0,0,0,0,0,3077.08,0,0,0,0,0,3803.74,0,0,0,0,0,0,43.9715,0,0,0,0,0,226.825,0,0
0,200,6,6,0,0,0,0,0,1257.7,0,0,0,0,0,2606.62,0,0,0,0,0,0,1262.92,0,0,0,0,0,2596.35,0,282.053,0,0,2015.14,0,0,0,0,0,0,0,5346.99,0,0,0,0,0,54673.2,0,0,0,0,0,0,5138.37,0,0,0,0,0,55425.9,0,0,0,0,0,0,12.2602,0,0,0,0,0,12.3883,0,0
0,200,7,7,0,0,0,0,0,99.6605,0,0,0,0,0,75.1714,0,0,0,0,0,0,94.7524,0,0,0,0,0,75.0012,0,212.36,0,0,1826.53,0,0,0,0,0,0,0,7452.48,0,0,0,0,0,11824.5,0,0,0,0,0,0,7030.23,0,0,0,0,0,11973.4,0,0,0,0,0,0,36.066,0,0,0,0,0,52.4203,0,0
0,200,8,8,0,0,0,0,0,85.428,0,0,0,0,0,243.586,0,0,0,0,0,0,84.5924,0,0,0,0,0,229.814,0,168.918,0,0,349.151,0,0,0,0,0,0,0,647.502,0,0,0,0,0,2187.6,0,0,0,0,0,0,675.932,0,0,0,0,0,2038.11,0,0,0,0,0,0,11.9306,0,0,0,0,0,92.5993,0,0
0,200,9,9,0,0,0,0,0,13.9006,0,0,0,0,0,936.738,0,0,0,0,0,0,12.934,0,0,0,0,0,935.947,0,120.81,0,0,440.566,0,0,0,0,0,0,0,1660.51,0,0,0,0,0,3174.1,0,0,0,0,0,0,1583.8,0,0,0,0,0,3512.44,0,0,0,0,0,0,68.2937,0,0,0,0,0,7.87735,0,0
0,200,10,10,0,0,0,0,0,181.19,0,0,0,0,0,725.863,0,0,0,0,0,0,182.971,0,0,0,0,0,724.782,0,860.028,0,0,712.734,0,0,0,0,0,0,0,2788.78,0,0,0,0,0,6523.72,0,0,0,0,0,0,2818.37,0,0,0,0,0,6614.97,0,0,0,0,0,0,10.3352,0,0,0,0,0,3.74189,0,0
0,200,11,11,0,0,0,0,0,314.02,0,0,0,0,0,1917.01,0,0,0,0,0,0,313.624,0,0,0,0,0,1910.46,0,775.777,0,0,725.838,0,0,0,0,0,0,0,3826.06,0,0,0,0,0,3018.34,0,0,0,0,0,0,3605.31,0,0,0,0,0,3042.17,0,0,0,0,0,0,11.0535,0,0,0,0,0,17.7715,0,0
0,200,12,12,0,0,0,0,0,39.6241,0,0,0,0,0,839.049,0,0,0,0,0,0,39.0673,0,0,0,0,0,773.534,0,570.299,0,0,638.858,0,0,0,0,0,0,0,8864.14,0,0,0,0,0,2751.74,0,0,0,0,0,0,9430.44,0,0,0,0,0,2662.45,0,0,0,0,0,0,5.68759,0,0,0,0,0,613.76,0,0
0,200,13,13,0,0,0,0,0,219.281,0,0,0,0,0,441.383,0,0,0,0,0,0,213.217,0,0,0,0,0,408.843,0,962.675,0,0,431.944,0,0,0,0,0,0,0,1534.44,0,0,0,0,0,572.408,0,0,0,0,0,0,1370.27,0,0,0,0,0,456.003,0,0,0,0,0,0,124.054,0,0,0,0,0,300.697,0,0
0,200,14,14,0,0,0,0,0,82.3667,0,0,0,0,0,43.2262,0,0,0,0,0,0,90.8716,0,0,0,0,0,34.0617,0,112.139,0,0,1066,0,0,0,0,0,0,0,1648.87,0,0,0,0,0,2349.83,0,0,0,0,0,0,1578.55,0,0,0,0,0,1961.84,0,0,0,0,0,0,174.946,0,0,0,0,0,285.546,0,0
0,200,15,15,0,0,0,0,0,131.318,0,0,0,0,0,1895.01,0,0,0,0,0,0,119.45,0,0,0,0,0,1868.8,0,244.42,0,0,454.638,0,0,0,0,0,0,0,976.957,0,0,0,0,0,862.756,0,0,0,0,0,0,916.946,0,0,0,0,0,897.064,0,0,0,0,0,0,221.221,0,0,0,0,0,61.2144,0,0
0,200,16,16,0,0,0,0,0,266.785,0,0,0,0,0,936.206,0,0,0,0,0,0,263.674,0,0,0,0,0,919.305,0,1037.52,0,0,295.499,0,0,0,0,0,0,0,2396.59,0,0,0,0,0,2903.28,0,0,0,0,0,0,2695.13,0,0,0,0,0,2702.16,0,0,0,0,0,0,45.3851,0,0,0,0,0,52.8032,0,0
0,200,17,17,0,0,0,0,0,837.575,0,0,0,0,0,3295.8,0,0,0,0,0,0,830.54,0,0,0,0,0,3131.85,0,1343.71,0,0,711.452,0,0,0,0,0,0,0,3825.3,0,0,0,0,0,1225.37,0,0,0,0,0,0,3807.5,0,0,0,0,0,1056.91,0,0,0,0,0,0,13.6664,0,0,0,0,0,844.733,0,0
0,200,18,18,0,0,0,0,0,5438.55,0,0,0,0,0,13409,0,0,0,0,0,0,5458.26,0,0,0,0,0,13400.8,0,654.25,0,0,641.104,0,0,0,0,0,0,0,5422.93,0,0,0,0,0,1817.42,0,0,0,0,0,0,5777.39,0,0,0,0,0,1859.24,0,0,0,0,0,0,9.82852,0,0,0,0,0,7.87577,0,0
0,200,19,19,0,0,0,0,0,495.01,0,0,0,0,0,1111.03,0,0,0,0,0,0,502.52,0,0,0,0,0,1117.89,0,255.706,0,0,1133.63,0,0,0,0,0,0,0,4028.45,0,0,0,0,0,12345.6,0,0,0,0,0,0,3944.83,0,0,0,0,0,12362.8,0,0,0,0,0,0,16.8421,0,0,0,0,0,5.75921,0,0
0,200,20,20,0,0,0,0,0,100.073,0,0,0,0,0,1144.66,0,0,0,0,0,0,94.6907,0,0,0,0,0,1067.77,0,780.068,0,0,810.193,0,0,0,0,0,0,0,1756.64,0,0,0,0,0,3885.47,0,0,0,0,0,0,1686.15,0,0,0,0,0,3699.5,0,0,0,0,0,0,47.3366,0,0,0,0,0,559.88,0,0
0,200,21,21,0,0,0,0,0,156.331,0,0,0,0,0,6.64968,0,0,0,0,0,0,158.258,0,0,0,0,0,6.90532,0,149.844,0,0,309.495,0,0,0,0,0,0,0,1425.26,0,0,0,0,0,624.794,0,0,0,0,0,0,1532.79,0,0,0,0,0,605.639,0,0,0,0,0,0,12.6324,0,0,0,0,0,9.60887,0,0
0,200,22,22,0,0,0,0,0,7.76,0,0,0,0,0,165.948,0,0,0,0,0,0,7.5784,0,0,0,0,0,150.366,0,155.398,0,0,371.136,0,0,0,0,0,0,0,1007.01,0,0,0,0,0,4442.71,0,0,0,0,0,0,945.882,0,0,0,0,0,4230.09,0,0,0,0,0,0,64.5998,0,0,0,0,0,185.14,0,0
0,200,23,23,0,0,0,0,0,32.025,0,0,0,0,0,186.009,0,0,0,0,0,0,35.6055,0,0,0,0,0,184.575,0,65.2706,0,0,1709.18,0,0,0,0,0,0,0,2653.44,0,0,0,0,0,6649.44,0,0,0,0,0,0,2261.16,0,0,0,0,0,6639.2,0,0,0,0,0,0,115.897,0,0,0,0,0,7.10835,0,0
0,200,24,24,0,0,0,0,0,400.236,0,0,0,0,0,1391.67,0,0,0,0,0,0,404.84,0,0,0,0,0,1359.81,0,355.332,0,0,214.884,0,0,0,0,0,0,0,674.542,0,0,0,0,0,9744.88,0,0,0,0,0,0,672.252,0,0,0,0,0,9020.51,0,0,0,0,0,0,8.11923,0,0,0,0,0,86.5877,0,0
0,200,25,25,0,0,0,0,0,116.38,0,0,0,0,0,384.235,0,0,0,0,0,0,113.506,0,0,0,0,0,381.983,0,265.468,0,0,1215.28,0,0,0,0,0,0,0,2597.29,0,0,0,0,0,10212.2,0,0,0,0,0,0,2569.6,0,0,0,0,0,9975.29,0,0,0,0,0,0,11.7169,0,0,0,0,0,6.58915,0,0
0,200,26,26,0,0,0,0,0,2968.85,0,0,0,0,0,12204.5,0,0,0,0,0,0,2965.07,0,0,0,0,0,12011.9,0,612.391,0,0,894.6,0,0,0,0,0,0,0,9641.41,0,0,0,0,0,891.566,0,0,0,0,0,0,9511.19,0,0,0,0,0,740.955,0,0,0,0,0,0,13.3996,0,0,0,0,0,334.487,0,0
0,200,27,27,0,0,0,0,0,93.8641,0,0,0,0,0,178.44,0,0,0,0,0,0,84.3629,0,0,0,0,0,174.696,0,690.684,0,0,1752.63,0,0,0,0,0,0,0,5098.81,0,0,0,0,0,8002.01,0,0,0,0,0,0,4445.64,0,0,0,0,0,7891.21,0,0,0,0,0,0,133.985,0,0,0,0,0,11.1249,0,0
0,200,28,28,0,0,0,0,0,642.48,0,0,0,0,0,4440.7,0,0,0,0,0,0,639.558,0,0,0,0,0,4417.78,0,787.293,0,0,460.406,0,0,0,0,0,0,0,3414.34,0,0,0,0,0,1066.97,0,0,0,0,0,0,3439.17,0,0,0,0,0,845.511,0,0,0,0,0,0,6.57964,0,0,0,0,0,18.1972,0,0
0,200,29,29,0,0,0,0,0,1913.43,0,0,0,0,0,7109.51,0,0,0,0,0,0,1912.54,0,0,0,0,0,6993.85,0,708.743,0,0,873.133,0,0,0,0,0,0,0,31931.6,0,0,0,0,0,10730.6,0,0,0,0,0,0,32862.4,0,0,0,0,0,11065.4,0,0,0,0,0,0,5.48777,0,0,0,0,0,206.056,0,0
0,200,30,30,0,0,0,0,0,729.217,0,0,0,0,0,1923.53,0,0,0,0,0,0,649.481,0,0,0,0,0,1831.91,0,1613.76,0,0,1284.29,0,0,0,0,0,0,0,12174.1,0,0,0,0,0,817.192,0,0,0,0,0,0,13192,0,0,0,0,0,652.62,0,0,0,0,0,0,975.778,0,0,0,0,0,461.595,0,0
0,200,31,31,0,0,0,0,0,106.884,0,0,0,0,0,534.494,0,0,0,0,0,0,98.1461,0,0,0,0,0,534.685,0,308.609,0,0,544.997,0,0,0,0,0,0,0,4353.32,0,0,0,0,0,3092.38,0,0,0,0,0,0,5189.1,0,0,0,0,0,3075.75,0,0,0,0,0,0,99.7614,0,0,0,0,0,1.51224,0,0
0,200,32,32,0,0,0,0,0,1180.63,0,0,0,0,0,2591.47,0,0,0,0,0,0,1147.6,0,0,0,0,0,2559.54,0,524.31,0,0,778.716,0,0,0,0,0,0,0,1421.99,0,0,0,0,0,5154.78,0,0,0,0,0,0,1438.26,0,0,0,0,0,4838.14,0,0,0,0,0,0,150.524,0,0,0,0,0,63.6324,0,0
0,200,33,33,0,0,0,0,0,42.1128,0,0,0,0,0,484.361,0,0,0,0,0,0,31.5197,0,0,0,0,0,486.863,0,343.214,0,0,1515.76,0,0,0,0,0,0,0,4640.05,0,0,0,0,0,6266.73,0,0,0,0,0,0,3762.65,0,0,0,0,0,6228.57,0,0,0,0,0,0,420.498,0,0,0,0,0,4.41621,0,0
0,200,34,34,0,0,0,0,0,67.7601,0,0,0,0,0,310.09,0,0,0,0,0,0,75.5925,0,0,0,0,0,293.529,0,165.85,0,0,741.709,0,0,0,0,0,0,0,6227.08,0,0,0,0,0,5087.55,0,0,0,0,0,0,5062.96,0,0,0,0,0,4684.81,0,0,0,0,0,0,326.68,0,0,0,0,0,172.972,0,0
0,200,35,35,0,0,0,0,0,3315.63,0,0,0,0,0,6451.46,0,0,0,0,0,0,3311.52,0,0,0,0,0,6457.82,0,1292.73,0,0,1032.08,0,0,0,0,0,0,0,2970.23,0,0,0,0,0,667.312,0,0,0,0,0,0,2894.07,0,0,0,0,0,659.569,0,0,0,0,0,0,41.263,0,0,0,0,0,4.63753,0,0
0,200,36,36,0,0,0,0,0,97.7058,0,0,0,0,0,636.363,0,0,0,0,0,0,97.5252,0,0,0,0,0,632.654,0,343.602,0,0,246.192,0,0,0,0,0,0,0,3237.07,0,0,0,0,0,4329.11,0,0,0,0,0,0,3622.77,0,0,0,0,0,4432.75,0,0,0,0,0,0,10.5145,0,0,0,0,0,9.25924,0,0
0,200,37,37,0,0,0,0,0,15.6916,0,0,0,0,0,12.0289,0,0,0,0,0,0,15.0442,0,0,0,0,0,11.1807,0,1334.14,0,0,282.541,0,0,0,0,0,0,0,1623,0,0,0,0,0,523.515,0,0,0,0,0,0,1590.01,0,0,0,0,0,519.89,0,0,0,0,0,0,11.8387,0,0,0,0,0,16.8247,0,0
0,200,38,38,0,0,0,0,0,781.34,0,0,0,0,0,2439.96,0,0,0,0,0,0,730.929,0,0,0,0,0,2361.05,0,2043.62,0,0,616.831,0,0,0,0,0,0,0,4595.21,0,0,0,0,0,771.652,0,0,0,0,0,0,3931.65,0,0,0,0,0,648.437,0,0,0,0,0,0,387.177,0,0,0,0,0,471.454,0,0
0,200,39,39,0,0,0,0,0,159.894,0,0,0,0,0,746.075,0,0,0,0,0,0,158.873,0,0,0,0,0,738.928,0,519.399,0,0,684.368,0,0,0,0,0,0,0,3078.83,0,0,0,0,0,2602.37,0,0,0,0,0,0,3148.8,0,0,0,0,0,2523.78,0,0,0,0,0,0,20.4612,0,0,0,0,0,20.4745,0,0
0,200,40,40,0,0,0,0,0,922.014,0,0,0,0,0,10362,0,0,0,0,0,0,925.817,0,0,0,0,0,10173.7,0,665.075,0,0,983.872,0,0,0,0,0,0,0,1774.75,0,0,0,0,0,28276.6,0,0,0,0,0,0,1691.83,0,0,0,0,0,26084,0,0,0,0,0,0,5.47508,0,0,0,0,0,401.368,0,0
0,200,41,41,0,0,0,0,0,426.218,0,0,0,0,0,461.237,0,0,0,0,0,0,417.2,0,0,0,0,0,442.31,0,392.633,0,0,1494.38,0,0,0,0,0,0,0,1563.18,0,0,0,0,0,4528.31,0,0,0,0,0,0,1620.4,0,0,0,0,0,5448.35,0,0,0,0,0,0,50.6875,0,0,0,0,0,136.415,0,0
0,200,42,42,0,0,0,0,0,1770.77,0,0,0,0,0,9026.65,0,0,0,0,0,0,1750.52,0,0,0,0,0,9008.5,0,529.717,0,0,396.233,0,0,0,0,0,0,0,28631.9,0,0,0,0,0,617.951,0,0,0,0,0,0,28133.8,0,0,0,0,0,618.327,0,0,0,0,0,0,37.2564,0,0,0,0,0,14.5837,0,0
0,200,43,43,0,0,0,0,0,127.345,0,0,0,0,0,122.565,0,0,0,0,0,0,127.604,0,0,0,0,0,121.514,0,101.424,0,0,184.314,0,0,0,0,0,0,0,1538.76,0,0,0,0,0,2675.95,0,0,0,0,0,0,1786.16,0,0,0,0,0,2720.33,0,0,0,0,0,0,14.1393,0,0,0,0,0,11.0998,0,0
0,200,44,44,0,0,0,0,0,427.937,0,0,0,0,0,383.715,0,0,0,0,0,0,425.888,0,0,0,0,0,376.887,0,917.189,0,0,2740.08,0,0,0,0,0,0,0,8855.5,0,0,0,0,0,790.708,0,0,0,0,0,0,9265.5,0,0,0,0,0,778.681,0,0,0,0,0,0,7.5041,0,0,0,0,0,24.6358,0,0
0,200,45,45,0,0,0,0,0,39.7779,0,0,0,0,0,154.456,0,0,0,0,0,0,38.8827,0,0,0,0,0,153.566,0,211.876,0,0,2274.53,0,0,0,0,0,0,0,19004.9,0,0,0,0,0,1484.22,0,0,0,0,0,0,18918.3,0,0,0,0,0,1404.17,0,0,0,0,0,0,7.53791,0,0,0,0,0,3.05178,0,0
0,200,46,46,0,0,0,0,0,216.03,0,0,0,0,0,438.42,0,0,0,0,0,0,223.226,0,0,0,0,0,437.44,0,1299.56,0,0,357.199,0,0,0,0,0,0,0,1272.3,0,0,0,0,0,3070.71,0,0,0,0,0,0,1197.6,0,0,0,0,0,2944.94,0,0,0,0,0,0,29.7888,0,0,0,0,0,2.4956,0,0
0,200,47,47,0,0,0,0,0,29.3993,0,0,0,0,0,748.202,0,0,0,0,0,0,28.7976,0,0,0,0,0,714.384,0,100.66,0,0,800.996,0,0,0,0,0,0,0,623.408,0,0,0,0,0,4571.11,0,0,0,0,0,0,638.048,0,0,0,0,0,4759.91,0,0,0,0,0,0,5.68154,0,0,0,0,0,221.582,0,0
0,200,48,48,0,0,0,0,0,183.595,0,0,0,0,0,546.75,0,0,0,0,0,0,169.41,0,0,0,0,0,540.178,0,1120.03,0,0,425.58,0,0,0,0,0,0,0,2791.9,0,0,0,0,0,3600.98,0,0,0,0,0,0,2809.7,0,0,0,0,0,3400.48,0,0,0,0,0,0,211.203,0,0,0,0,0,23.6309,0,0
0,200,49,49,0,0,0,0,0,300.757,0,0,0,0,0,8.05061,0,0,0,0,0,0,323.968,0,0,0,0,0,7.552,0,251.745,0,0,573.339,0,0,0,0,0,0,0,4002.84,0,0,0,0,0,1581.77,0,0,0,0,0,0,3651.64,0,0,0,0,0,1578.7,0,0,0,0,0,0,428.141,0,0,0,0,0,19.3368,0,0
0,200,50,50,0,0,0,0,0,1240.59,0,0,0,0,0,3208.09,0,0,0,0,0,0,1176.56,0,0,0,0,0,3212.69,0,283.061,0,0,1233.44,0,0,0,0,0,0,0,4630.31,0,0,0,0,0,9157.45,0,0,0,0,0,0,3692.35,0,0,0,0,0,9128.43,0,0,0,0,0,0,447.569,0,0,0,0,0,4.41509,0,0
0,200,51,51,0,0,0,0,0,341.845,0,0,0,0,0,16.2687,0,0,0,0,0,0,349.576,0,0,0,0,0,15.8188,0,187.861,0,0,2918.92,0,0,0,0,0,0,0,4331.27,0,0,0,0,0,8134.18,0,0,0,0,0,0,4324.86,0,0,0,0,0,8398.74,0,0,0,0,0,0,37.9106,0,0,0,0,0,6.6767,0,0
0,200,52,52,0,0,0,0,0,91.455,0,0,0,0,0,18.7961,0,0,0,0,0,0,95.4177,0,0,0,0,0,15.8566,0,156.287,0,0,1114.91,0,0,0,0,0,0,0,3528.59,0,0,0,0,0,916.244,0,0,0,0,0,0,3765.87,0,0,0,0,0,768.218,0,0,0,0,0,0,49.7647,0,0,0,0,0,73.0396,0,0
0,200,53,53,0,0,0,0,0,129.618,0,0,0,0,0,553.76,0,0,0,0,0,0,133.084,0,0,0,0,0,555.606,0,181.628,0,0,1813.3,0,0,0,0,0,0,0,8725.86,0,0,0,0,0,16026.7,0,0,0,0,0,0,8399.99,0,0,0,0,0,15973.5,0,0,0,0,0,0,12.4175,0,0,0,0,0,6.41555,0,0
0,200,54,54,0,0,0,0,0,1776.07,0,0,0,0,0,4094.94,0,0,0,0,0,0,1650.13,0,0,0,0,0,4022.32,0,413.654,0,0,803.69,0,0,0,0,0,0,0,3888.55,0,0,0,0,0,1652.92,0,0,0,0,0,0,3802.39,0,0,0,0,0,1632.89,0,0,0,0,0,0,1196.55,0,0,0,0,0,153.286,0,0
0,200,55,55,0,0,0,0,0,354.815,0,0,0,0,0,1127.71,0,0,0,0,0,0,354.616,0,0,0,0,0,1128.31,0,292.27,0,0,947.601,0,0,0,0,0,0,0,1876.65,0,0,0,0,0,4814.48,0,0,0,0,0,0,1908.84,0,0,0,0,0,4671.32,0,0,0,0,0,0,9.2254,0,0,0,0,0,15.5028,0,0
0,200,56,56,0,0,0,0,0,23.9787,0,0,0,0,0,410.904,0,0,0,0,0,0,25.1928,0,0,0,0,0,401.059,0,1272.32,0,0,1129.04,0,0,0,0,0,0,0,1524.36,0,0,0,0,0,4826.89,0,0,0,0,0,0,1452,0,0,0,0,0,4599.51,0,0,0,0,0,0,13.7291,0,0,0,0,0,49.6537,0,0
0,200,57,57,0,0,0,0,0,1163.9,0,0,0,0,0,8030.61,0,0,0,0,0,0,1145.07,0,0,0,0,0,7982.53,0,431.701,0,0,655.338,0,0,0,0,0,0,0,1666.9,0,0,0,0,0,1348.1,0,0,0,0,0,0,1752.09,0,0,0,0,0,1314.29,0,0,0,0,0,0,100.453,0,0,0,0,0,38.1686,0,0
0,200,58,58,0,0,0,0,0,42.5954,0,0,0,0,0,474.354,0,0,0,0,0,0,38.7346,0,0,0,0,0,466.548,0,230.112,0,0,1203.39,0,0,0,0,0,0,0,12377.7,0,0,0,0,0,17220,0,0,0,0,0,0,11936.8,0,0,0,0,0,17000.1,0,0,0,0,0,0,185.285,0,0,0,0,0,26.9218,0,0
0,200,59,59,0,0,0,0,0,201.871,0,0,0,0,0,959.432,0,0,0,0,0,0,206.789,0,0,0,0,0,961.292,0,154.944,0,0,482.754,0,0,0,0,0,0,0,1014.48,0,0,0,0,0,1926.38,0,0,0,0,0,0,1076.26,0,0,0,0,0,2054.14,0,0,0,0,0,0,12.7737,0,0,0,0,0,3.78414,0,0
0,200,60,60,0,0,0,0,0,31.726,0,0,0,0,0,1926.28,0,0,0,0,0,0,29.9298,0,0,0,0,0,1874.98,0,62.1149,0,0,909.183,0,0,0,0,0,0,0,1195.72,0,0,0,0,0,1125.47,0,0,0,0,0,0,973.122,0,0,0,0,0,670.273,0,0,0,0,0,0,24.3303,0,0,0,0,0,196.67,0,0
0,200,61,61,0,0,0,0,0,486.506,0,0,0,0,0,844.367,0,0,0,0,0,0,459.359,0,0,0,0,0,798.204,0,462.124,0,0,766.829,0,0,0,0,0,0,0,3226.32,0,0,0,0,0,3141.77,0,0,0,0,0,0,2511.78,0,0,0,0,0,3104.01,0,0,0,0,0,0,315.283,0,0,0,0,0,323.304,0,0
0,200,62,62,0,0,0,0,0,6.41119,0,0,0,0,0,225.223,0,0,0,0,0,0,6.79282,0,0,0,0,0,226.02,0,189.129,0,0,1066.47,0,0,0,0,0,0,0,5973.83,0,0,0,0,0,326.485,0,0,0,0,0,0,6245.71,0,0,0,0,0,287.264,0,0,0,0,0,0,17.7875,0,0,0,0,0,4.99122,0,0
0,200,63,63,0,0,0,0,0,615.404,0,0,0,0,0,1888.16,0,0,0,0,0,0,621.446,0,0,0,0,0,1895.09,0,1175.59,0,0,640.087,0,0,0,0,0,0,0,3685.48,0,0,0,0,0,5142.84,0,0,0,0,0,0,3695.51,0,0,0,0,0,5077.61,0,0,0,0,0,0,9.19452,0,0,0,0,0,6.85058,0,0
0,200,64,64,0,0,0,0,0,244.146,0,0,0,0,0,31.3817,0,0,0,0,0,0,246.031,0,0,0,0,0,21.2348,0,190.631,0,0,921.637,0,0,0,0,0,0,0,4665.88,0,0,0,0,0,2485.05,0,0,0,0,0,0,4613.59,0,0,0,0,0,2072.67,0,0,0,0,0,0,12.0281,0,0,0,0,0,435.536,0,0
0,200,65,65,0,0,0,0,0,2534.16,0,0,0,0,0,2984.86,0,0,0,0,0,0,2552.73,0,0,0,0,0,2972.57,0,569.966,0,0,558.848,0,0,0,0,0,0,0,3490.64,0,0,0,0,0,16930.6,0,0,0,0,0,0,3677.49,0,0,0,0,0,16512.7,0,0,0,0,0,0,16.623,0,0,0,0,0,17.6153,0,0
0,200,66,66,0,0,0,0,0,38.1695,0,0,0,0,0,34.5809,0,0,0,0,0,0,13.771,0,0,0,0,0,28.5163,0,452.946,0,0,511.969,0,0,0,0,0,0,0,4035.49,0,0,0,0,0,1328.74,0,0,0,0,0,0,1801.96,0,0,0,0,0,1125.43,0,0,0,0,0,0,4932.7,0,0,0,0,0,155.454,0,0
0,200,67,67,0,0,0,0,0,215.835,0,0,0,0,0,137.516,0,0,0,0,0,0,221.374,0,0,0,0,0,131.438,0,3776.27,0,0,405.441,0,0,0,0,0,0,0,2701.99,0,0,0,0,0,531.415,0,0,0,0,0,0,2769.05,0,0,0,0,0,433.448,0,0,0,0,0,0,17.2896,0,0,0,0,0,46.8541,0,0
0,200,68,68,0,0,0,0,0,746.115,0,0,0,0,0,2348.63,0,0,0,0,0,0,728.835,0,0,0,0,0,2332.67,0,202.093,0,0,994.573,0,0,0,0,0,0,0,2597.65,0,0,0,0,0,12644.8,0,0,0,0,0,0,3005.22,0,0,0,0,0,12375.3,0,0,0,0,0,0,146.247,0,0,0,0,0,16.4603,0,0
0,200,69,69,0,0,0,0,0,129.528,0,0,0,0,0,369.01,0,0,0,0,0,0,134.197,0,0,0,0,0,366.138,0,128.001,0,0,832.812,0,0,0,0,0,0,0,3608.84,0,0,0,0,0,7705.73,0,0,0,0,0,0,3558.29,0,0,0,0,0,7520.68,0,0,0,0,0,0,23.1388,0,0,0,0,0,10.029,0,0
0,200,70,70,0,0,0,0,0,873.488,0,0,0,0,0,2531.24,0,0,0,0,0,0,854.15,0,0,0,0,0,2522.07,0,803.87,0,0,1135.49,0,0,0,0,0,0,0,2368.03,0,0,0,0,0,6107.91,0,0,0,0,0,0,1723.7,0,0,0,0,0,6503.72,0,0,0,0,0,0,219.172,0,0,0,0,0,6.97175,0,0
0,200,71,71,0,0,0,0,0,198.913,0,0,0,0,0,1171.74,0,0,0,0,0,0,192.843,0,0,0,0,0,1159.26,0,101.533,0,0,445.927,0,0,0,0,0,0,0,8044.23,0,0,0,0,0,1189.94,0,0,0,0,0,0,8640.79,0,0,0,0,0,1220.71,0,0,0,0,0,0,50.6388,0,0,0,0,0,27.6579,0,0
0,200,72,72,0,0,0,0,0,32.6533,0,0,0,0,0,68.2463,0,0,0,0,0,0,35.269,0,0,0,0,0,57.43,0,422.878,0,0,492.042,0,0,0,0,0,0,0,5007.91,0,0,0,0,0,299.747,0,0,0,0,0,0,4280.96,0,0,0,0,0,276.769,0,0,0,0,0,0,222.126,0,0,0,0,0,248.256,0,0
0,200,73,73,0,0,0,0,0,449.018,0,0,0,0,0,1296.03,0,0,0,0,0,0,431.593,0,0,0,0,0,1285.1,0,596.598,0,0,511.282,0,0,0,0,0,0,0,1198.06,0,0,0,0,0,3229.04,0,0,0,0,0,0,1564.45,0,0,0,0,0,3089.8,0,0,0,0,0,0,155.327,0,0,0,0,0,16.0258,0,0
0,200,74,74,0,0,0,0,0,28.9441,0,0,0,0,0,370.88,0,0,0,0,0,0,30.0823,0,0,0,0,0,371.176,0,235.106,0,0,556.117,0,0,0,0,0,0,0,1599.4,0,0,0,0,0,1876.94,0,0,0,0,0,0,1737.86,0,0,0,0,0,1969.91,0,0,0,0,0,0,283.638,0,0,0,0,0,3.27602,0,0
0,200,75,75,0,0,0,0,0,273.165,0,0,0,0,0,1781.96,0,0,0,0,0,0,275.295,0,0,0,0,0,1770.86,0,237.724,0,0,934.573,0,0,0,0,0,0,0,1934.67,0,0,0,0,0,3915.19,0,0,0,0,0,0,1919.77,0,0,0,0,0,4138.02,0,0,0,0,0,0,13.0429,0,0,0,0,0,12.3597,0,0
0,200,76,76,0,0,0,0,0,118.653,0,0,0,0,0,1554,0,0,0,0,0,0,122.265,0,0,0,0,0,1511.07,0,98.8524,0,0,1882.45,0,0,0,0,0,0,0,5063.99,0,0,0,0,0,900.357,0,0,0,0,0,0,4897.14,0,0,0,0,0,1077.48,0,0,0,0,0,0,18.3268,0,0,0,0,0,146.697,0,0
0,200,77,77,0,0,0,0,0,168.893,0,0,0,0,0,467.543,0,0,0,0,0,0,154.582,0,0,0,0,0,454.61,0,566.002,0,0,1066.81,0,0,0,0,0,0,0,3007.04,0,0,0,0,0,5946.62,0,0,0,0,0,0,2838.33,0,0,0,0,0,5506.42,0,0,0,0,0,0,270.703,0,0,0,0,0,50.0784,0,0
0,200,78,78,0,0,0,0,0,197.273,0,0,0,0,0,1334.49,0,0,0,0,0,0,190.661,0,0,0,0,0,1338.56,0,314.301,0,0,984.543,0,0,0,0,0,0,0,2655.69,0,0,0,0,0,8029.01,0,0,0,0,0,0,2551.44,0,0,0,0,0,7989.11,0,0,0,0,0,0,77.4714,0,0,0,0,0,3.25841,0,0
0,200,79,79,0,0,0,0,0,15.6339,0,0,0,0,0,622.31,0,0,0,0,0,0,14.7081,0,0,0,0,0,591.857,0,29.1089,0,0,1653.52,0,0,0,0,0,0,0,11985.3,0,0,0,0,0,23589.2,0,0,0,0,0,0,12441,0,0,0,0,0,23233.9,0,0,0,0,0,0,10.6723,0,0,0,0,0,165.872,0,0
0,200,80,80,0,0,0,0,0,19.019,0,0,0,0,0,897.216,0,0,0,0,0,0,20.7283,0,0,0,0,0,889.226,0,189.793,0,0,1101.29,0,0,0,0,0,0,0,2201.91,0,0,0,0,0,4596.52,0,0,0,0,0,0,2128.32,0,0,0,0,0,4006.66,0,0,0,0,0,0,177.743,0,0,0,0,0,57.904,0,0
0,200,81,81,0,0,0,0,0,188.043,0,0,0,0,0,109.78,0,0,0,0,0,0,164.85,0,0,0,0,0,109.562,0,2449.46,0,0,2059.14,0,0,0,0,0,0,0,6880.77,0,0,0,0,0,624.394,0,0,0,0,0,0,6179.45,0,0,0,0,0,589.136,0,0,0,0,0,0,383.159,0,0,0,0,0,3.94632,0,0
0,200,82,82,0,0,0,0,0,67.5865,0,0,0,0,0,114.081,0,0,0,0,0,0,64.68,0,0,0,0,0,115.274,0,114.485,0,0,770.554,0,0,0,0,0,0,0,8052.65,0,0,0,0,0,6454.06,0,0,0,0,0,0,8294.95,0,0,0,0,0,6381.67,0,0,0,0,0,0,17.0452,0,0,0,0,0,4.73747,0,0
0,200,83,83,0,0,0,0,0,17.3904,0,0,0,0,0,190.125,0,0,0,0,0,0,12.4569,0,0,0,0,0,185.636,0,144.712,0,0,294.719,0,0,0,0,0,0,0,5364.08,0,0,0,0,0,1111.85,0,0,0,0,0,0,5209.73,0,0,0,0,0,1083.25,0,0,0,0,0,0,269.746,0,0,0,0,0,39.8887,0,0
0,200,84,84,0,0,0,0,0,252.076,0,0,0,0,0,86.0953,0,0,0,0,0,0,246.813,0,0,0,0,0,84.1862,0,453.885,0,0,1979.84,0,0,0,0,0,0,0,5971.83,0,0,0,0,0,10074.8,0,0,0,0,0,0,5844.02,0,0,0,0,0,10387.2,0,0,0,0,0,0,14.695,0,0,0,0,0,18.1988,0,0
0,200,85,85,0,0,0,0,0,326.8,0,0,0,0,0,8060.33,0,0,0,0,0,0,328.247,0,0,0,0,0,8059.54,0,232.265,0,0,941.873,0,0,0,0,0,0,0,2147.71,0,0,0,0,0,1728.43,0,0,0,0,0,0,2125.29,0,0,0,0,0,1793,0,0,0,0,0,0,6.87442,0,0,0,0,0,3.60521,0,0
0,200,86,86,0,0,0,0,0,190.989,0,0,0,0,0,639.51,0,0,0,0,0,0,193.051,0,0,0,0,0,627.123,0,895.461,0,0,2174.2,0,0,0,0,0,0,0,18574.3,0,0,0,0,0,8266.54,0,0,0,0,0,0,18934.5,0,0,0,0,0,7899.51,0,0,0,0,0,0,7.1674,0,0,0,0,0,46.2634,0,0
0,200,87,87,0,0,0,0,0,735.988,0,0,0,0,0,2911.52,0,0,0,0,0,0,711.123,0,0,0,0,0,2897.5,0,364.443,0,0,892.92,0,0,0,0,0,0,0,1939.1,0,0,0,0,0,2903.67,0,0,0,0,0,0,2180.4,0,0,0,0,0,2773.74,0,0,0,0,0,0,142.818,0,0,0,0,0,18.5527,0,0
0,200,88,88,0,0,0,0,0,11.0886,0,0,0,0,0,218.407,0,0,0,0,0,0,11.413,0,0,0,0,0,216.728,0,527.419,0,0,3237.55,0,0,0,0,0,0,0,5959.79,0,0,0,0,0,1217.4,0,0,0,0,0,0,6175.33,0,0,0,0,0,1040.28,0,0,0,0,0,0,5.13632,0,0,0,0,0,4.9934,0,0
0,200,89,89,0,0,0,0,0,3681.76,0,0,0,0,0,9893.51,0,0,0,0,0,0,3648.2,0,0,0,0,0,9703.22,0,1980.38,0,0,493.95,0,0,0,0,0,0,0,4365.23,0,0,0,0,0,8662.18,0,0,0,0,0,0,4827.2,0,0,0,0,0,7674.28,0,0,0,0,0,0,64.2906,0,0,0,0,0,406.639,0,0
0,200,90,90,0,0,0,0,0,25.7296,0,0,0,0,0,31.785,0,0,0,0,0,0,25.7481,0,0,0,0,0,29.7645,0,541.766,0,0,484.66,0,0,0,0,0,0,0,4655.38,0,0,0,0,0,562.495,0,0,0,0,0,0,4836.56,0,0,0,0,0,534.55,0,0,0,0,0,0,4.17359,0,0,0,0,0,27.9361,0,0
0,200,91,91,0,0,0,0,0,1289.87,0,0,0,0,0,4042.28,0,0,0,0,0,0,1286.3,0,0,0,0,0,4006.65,0,1022.78,0,0,782.86,0,0,0,0,0,0,0,1341.82,0,0,0,0,0,3447.8,0,0,0,0,0,0,1522.38,0,0,0,0,0,3296.1,0,0,0,0,0,0,12.4032,0,0,0,0,0,37.8939,0,0
0,200,92,92,0,0,0,0,0,137.003,0,0,0,0,0,783.999,0,0,0,0,0,0,139.638,0,0,0,0,0,775.496,0,951.486,0,0,653.85,0,0,0,0,0,0,0,2883.81,0,0,0,0,0,1148.77,0,0,0,0,0,0,3118.72,0,0,0,0,0,968.573,0,0,0,0,0,0,11.01,0,0,0,0,0,25.5139,0,0
0,200,93,93,0,0,0,0,0,60.0925,0,0,0,0,0,43.7781,0,0,0,0,0,0,58.2944,0,0,0,0,0,42.1466,0,812.207,0,0,991.942,0,0,0,0,0,0,0,5428.94,0,0,0,0,0,887.68,0,0,0,0,0,0,5574.8,0,0,0,0,0,856.173,0,0,0,0,0,0,10.2927,0,0,0,0,0,12.3116,0,0
0,200,94,94,0,0,0,0,0,13.1213,0,0,0,0,0,293.315,0,0,0,0,0,0,13.2735,0,0,0,0,0,293.485,0,218.429,0,0,1288.82,0,0,0,0,0,0,0,1551.07,0,0,0,0,0,5381.28,0,0,0,0,0,0,1502.18,0,0,0,0,0,5289.51,0,0,0,0,0,0,22.6244,0,0,0,0,0,3.83986,0,0
0,200,95,95,0,0,0,0,0,101.386,0,0,0,0,0,166.008,0,0,0,0,0,0,99.0225,0,0,0,0,0,165.478,0,103.655,0,0,526.078,0,0,0,0,0,0,0,4405.58,0,0,0,0,0,1678.79,0,0,0,0,0,0,4506.9,0,0,0,0,0,1560.31,0,0,0,0,0,0,13.3171,0,0,0,0,0,4.00175,0,0
0,200,96,96,0,0,0,0,0,478.194,0,0,0,0,0,806.591,0,0,0,0,0,0,450.397,0,0,0,0,0,772.217,0,900.068,0,0,811.333,0,0,0,0,0,0,0,3461.04,0,0,0,0,0,2061.12,0,0,0,0,0,0,3623.14,0,0,0,0,0,1812.44,0,0,0,0,0,0,238.974,0,0,0,0,0,185.272,0,0
0,200,97,97,0,0,0,0,0,665.445,0,0,0,0,0,7694.75,0,0,0,0,0,0,629.824,0,0,0,0,0,7603.98,0,115.431,0,0,663.914,0,0,0,0,0,0,0,950.274,0,0,0,0,0,9965.76,0,0,0,0,0,0,813.505,0,0,0,0,0,9241.63,0,0,0,0,0,0,286.562,0,0,0,0,0,141.772,0,0
0,200,98,98,0,0,0,0,0,127.525,0,0,0,0,0,732.491,0,0,0,0,0,0,123.586,0,0,0,0,0,727.329,0,194.852,0,0,1786.79,0,0,0,0,0,0,0,4591.8,0,0,0,0,0,20477.1,0,0,0,0,0,0,5438.59,0,0,0,0,0,20084.9,0,0,0,0,0,0,55.3718,0,0,0,0,0,9.93621,0,0
0,200,99,99,0,0,0,0,0,224.443,0,0,0,0,0,645.181,0,0,0,0,0,0,227.603,0,0,0,0,0,646.536,0,738.572,0,0,739.96,0,0,0,0,0,0,0,2749.05,0,0,0,0,0,1510.69,0,0,0,0,0,0,2781.28,0,0,0,0,0,1470.74,0,0,0,0,0,0,8.53968,0,0,0,0,0,3.2152,0,0
0,200,100,100,0,0,0,0,0,165.171,0,0,0,0,0,23.1856,0,0,0,0,0,0,169.789,0,0,0,0,0,24.7134,0,35.9709,0,0,356.34,0,0,0,0,0,0,0,3075.94,0,0,0,0,0,2422.89,0,0,0,0,0,0,2759.48,0,0,0,0,0,2327.49,0,0,0,0,0,0,59.708,0,0,0,0,0,45.7844,0,0
0,200,101,101,0,0,0,0,0,1952.16,0,0,0,0,0,2878.02,0,0,0,0,0,0,1847.23,0,0,0,0,0,2855.6,0,1518.78,0,0,735.744,0,0,0,0,0,0,0,7479.42,0,0,0,0,0,907.149,0,0,0,0,0,0,7797.01,0,0,0,0,0,897.772,0,0,0,0,0,0,873.906,0,0,0,0,0,35.5456,0,0
0,200,102,102,0,0,0,0,0,409.205,0,0,0,0,0,1038.87,0,0,0,0,0,0,389.901,0,0,0,0,0,1037.65,0,418.14,0,0,848.882,0,0,0,0,0,0,0,3459.77,0,0,0,0,0,787.082,0,0,0,0,0,0,2728.49,0,0,0,0,0,930.981,0,0,0,0,0,0,211.396,0,0,0,0,0,1.26098,0,0
0,200,103,103,0,0,0,0,0,21.3107,0,0,0,0,0,24.8132,0,0,0,0,0,0,22.2582,0,0,0,0,0,22.4727,0,319.213,0,0,267.313,0,0,0,0,0,0,0,1752.07,0,0,0,0,0,511.56,0,0,0,0,0,0,1965.14,0,0,0,0,0,669.571,0,0,0,0,0,0,82.2654,0,0,0,0,0,33.4442,0,0
0,200,104,104,0,0,0,0,0,21.366,0,0,0,0,0,312.035,0,0,0,0,0,0,18.8903,0,0,0,0,0,275.172,0,111.977,0,0,306.887,0,0,0,0,0,0,0,7183,0,0,0,0,0,1409.76,0,0,0,0,0,0,7706.72,0,0,0,0,0,1072.22,0,0,0,0,0,0,65.8399,0,0,0,0,0,519.553,0,0
0,200,105,105,0,0,0,0,0,160.218,0,0,0,0,0,185.591,0,0,0,0,0,0,156.184,0,0,0,0,0,172.905,0,224.852,0,0,2165.11,0,0,0,0,0,0,0,9183.47,0,0,0,0,0,13437.3,0,0,0,0,0,0,8852.04,0,0,0,0,0,14463.8,0,0,0,0,0,0,11.6537,0,0,0,0,0,120.115,0,0
0,200,106,106,0,0,0,0,0,33.0703,0,0,0,0,0,72.8632,0,0,0,0,0,0,31.1081,0,0,0,0,0,69.5271,0,366.086,0,0,1426.45,0,0,0,0,0,0,0,4094.31,0,0,0,0,0,2611.99,0,0,0,0,0,0,3701.28,0,0,0,0,0,2632.36,0,0,0,0,0,0,98.35,0,0,0,0,0,30.6086,0,0
0,200,107,107,0,0,0,0,0,320.26,0,0,0,0,0,615.158,0,0,0,0,0,0,325.403,0,0,0,0,0,619.015,0,980.819,0,0,717.09,0,0,0,0,0,0,0,1553.68,0,0,0,0,0,3811.75,0,0,0,0,0,0,1603.3,0,0,0,0,0,3861.77,0,0,0,0,0,0,11.4899,0,0,0,0,0,6.70929,0,0
0,200,108,108,0,0,0,0,0,11.4714,0,0,0,0,0,155.48,0,0,0,0,0,0,10.8227,0,0,0,0,0,140.374,0,590.167,0,0,888.227,0,0,0,0,0,0,0,2765.63,0,0,0,0,0,4211.54,0,0,0,0,0,0,2638.56,0,0,0,0,0,3668.2,0,0,0,0,0,0,30.7541,0,0,0,0,0,189.501,0,0
0,200,109,109,0,0,0,0,0,48.6946,0,0,0,0,0,251.947,0,0,0,0,0,0,50.1538,0,0,0,0,0,239.25,0,152.489,0,0,479.936,0,0,0,0,0,0,0,1958.77,0,0,0,0,0,4395.07,0,0,0,0,0,0,1997.74,0,0,0,0,0,4012.68,0,0,0,0,0,0,23.8831,0,0,0,0,0,88.3778,0,0
0,200,110,110,0,0,0,0,0,3159.86,0,0,0,0,0,7887.2,0,0,0,0,0,0,3077.41,0,0,0,0,0,7929.5,0,427.847,0,0,421.678,0,0,0,0,0,0,0,1970.88,0,0,0,0,0,8720.71,0,0,0,0,0,0,1785.38,0,0,0,0,0,8738.7,0,0,0,0,0,0,250.484,0,0,0,0,0,30.7443,0,0
0,200,111,111,0,0,0,0,0,14.5077,0,0,0,0,0,69.3863,0,0,0,0,0,0,14.2226,0,0,0,0,0,61.6576,0,580.569,0,0,927.666,0,0,0,0,0,0,0,1643.55,0,0,0,0,0,2243.65,0,0,0,0,0,0,1598.98,0,0,0,0,0,2436.6,0,0,0,0,0,0,18.8583,0,0,0,0,0,116.701,0,0
0,200,112,112,0,0,0,0,0,18.0732,0,0,0,0,0,73.1212,0,0,0,0,0,0,20.0328,0,0,0,0,0,68.9066,0,805.138,0,0,1177.24,0,0,0,0,0,0,0,4009.91,0,0,0,0,0,1094.89,0,0,0,0,0,0,4489.76,0,0,0,0,0,1040.38,0,0,0,0,0,0,48.0515,0,0,0,0,0,33.6663,0,0
0,200,113,113,0,0,0,0,0,662.217,0,0,0,0,0,1742.24,0,0,0,0,0,0,642.891,0,0,0,0,0,1714.22,0,688.43,0,0,1025.16,0,0,0,0,0,0,0,3712.66,0,0,0,0,0,6728.68,0,0,0,0,0,0,3534.02,0,0,0,0,0,7088.08,0,0,0,0,0,0,81.2388,0,0,0,0,0,77.4798,0,0
0,200,114,114,0,0,0,0,0,214.18,0,0,0,0,0,34.123,0,0,0,0,0,0,224.47,0,0,0,0,0,29.0204,0,371.558,0,0,1444.01,0,0,0,0,0,0,0,847.472,0,0,0,0,0,9272.25,0,0,0,0,0,0,910.47,0,0,0,0,0,8614.18,0,0,0,0,0,0,97.6386,0,0,0,0,0,224.115,0,0
0,200,115,115,0,0,0,0,0,45.5277,0,0,0,0,0,40.5029,0,0,0,0,0,0,44.2106,0,0,0,0,0,38.0724,0,202.608,0,0,698.453,0,0,0,0,0,0,0,1329.17,0,0,0,0,0,8053.77,0,0,0,0,0,0,1403.3,0,0,0,0,0,8033.26,0,0,0,0,0,0,8.64269,0,0,0,0,0,20.594,0,0
0,200,116,116,0,0,0,0,0,362.445,0,0,0,0,0,1238.73,0,0,0,0,0,0,360.354,0,0,0,0,0,1228.74,0,383.574,0,0,1192.19,0,0,0,0,0,0,0,4641.36,0,0,0,0,0,5445.3,0,0,0,0,0,0,4592.95,0,0,0,0,0,5810.24,0,0,0,0,0,0,14.8274,0,0,0,0,0,15.877,0,0
0,200,117,117,0,0,0,0,0,237.783,0,0,0,0,0,1823.19,0,0,0,0,0,0,228.72,0,0,0,0,0,1764.44,0,1021.65,0,0,703.498,0,0,0,0,0,0,0,3084.66,0,0,0,0,0,671.628,0,0,0,0,0,0,3183.22,0,0,0,0,0,870.03,0,0,0,0,0,0,85.6401,0,0,0,0,0,238.894,0,0
0,200,118,118,0,0,0,0,0,1010.18,0,0,0,0,0,6013.38,0,0,0,0,0,0,973.059,0,0,0,0,0,5914.4,0,202.101,0,0,1120.45,0,0,0,0,0,0,0,1909.98,0,0,0,0,0,14485.5,0,0,0,0,0,0,1705.61,0,0,0,0,0,13662.4,0,0,0,0,0,0,184.58,0,0,0,0,0,193.914,0,0
0,200,119,119,0,0,0,0,0,214.674,0,0,0,0,0,1726.68,0,0,0,0,0,0,213.388,0,0,0,0,0,1679.1,0,282.502,0,0,588.957,0,0,0,0,0,0,0,1052.11,0,0,0,0,0,8375.35,0,0,0,0,0,0,1083.98,0,0,0,0,0,9277.2,0,0,0,0,0,0,24.4613,0,0,0,0,0,177.073,0,0
0,200,120,120,0,0,0,0,0,741.019,0,0,0,0,0,887.753,0,0,0,0,0,0,742.987,0,0,0,0,0,879.957,0,1045.14,0,0,1318.98,0,0,0,0,0,0,0,4233.6,0,0,0,0,0,8009.18,0,0,0,0,0,0,4156.22,0,0,0,0,0,7943.67,0,0,0,0,0,0,9.07665,0,0,0,0,0,19.6226,0,0
0,200,121,121,0,0,0,0,0,200.014,0,0,0,0,0,4.90653,0,0,0,0,0,0,203.114,0,0,0,0,0,3.65082,0,146.596,0,0,179.751,0,0,0,0,0,0,0,2015.54,0,0,0,0,0,559.306,0,0,0,0,0,0,2092.03,0,0,0,0,0,435.01,0,0,0,0,0,0,40.9087,0,0,0,0,0,54.7702,0,0
0,200,122,122,0,0,0,0,0,19.4474,0,0,0,0,0,892.289,0,0,0,0,0,0,19.6588,0,0,0,0,0,864.833,0,260.856,0,0,590.889,0,0,0,0,0,0,0,2198.05,0,0,0,0,0,1071.66,0,0,0,0,0,0,2080.3,0,0,0,0,0,1492.9,0,0,0,0,0,0,15.6648,0,0,0,0,0,110.322,0,0
0,200,123,123,0,0,0,0,0,275.459,0,0,0,0,0,3495.88,0,0,0,0,0,0,256.054,0,0,0,0,0,3467.06,0,306.457,0,0,619.987,0,0,0,0,0,0,0,10995,0,0,0,0,0,8844.26,0,0,0,0,0,0,10818.8,0,0,0,0,0,8901.36,0,0,0,0,0,0,227.83,0,0,0,0,0,36.6112,0,0
0,200,124,124,0,0,0,0,0,53.2968,0,0,0,0,0,139.939,0,0,0,0,0,0,53.7024,0,0,0,0,0,132.448,0,629.676,0,0,749.922,0,0,0,0,0,0,0,3926.24,0,0,0,0,0,2612.2,0,0,0,0,0,0,4124.62,0,0,0,0,0,2407.98,0,0,0,0,0,0,7.17059,0,0,0,0,0,47.5909,0,0
0,200,125,125,0,0,0,0,0,2075.18,0,0,0,0,0,6132.35,0,0,0,0,0,0,2047.8,0,0,0,0,0,6111.24,0,778.147,0,0,960.259,0,0,0,0,0,0,0,1966.11,0,0,0,0,0,1688.12,0,0,0,0,0,0,1947.2,0,0,0,0,0,1545.38,0,0,0,0,0,0,65.4499,0,0,0,0,0,21.2241,0,0
0,200,126,126,0,0,0,0,0,413.359,0,0,0,0,0,2442.29,0,0,0,0,0,0,404.279,0,0,0,0,0,2428.46,0,333.194,0,0,993.268,0,0,0,0,0,0,0,2037.99,0,0,0,0,0,6085.47,0,0,0,0,0,0,1912.42,0,0,0,0,0,6177.04,0,0,0,0,0,0,39.1448,0,0,0,0,0,58.1189,0,0
0,200,127,127,0,0,0,0,0,69.423,0,0,0,0,0,509.022,0,0,0,0,0,0,71.6995,0,0,0,0,0,484.803,0,107.592,0,0,3963.77,0,0,0,0,0,0,0,15717.6,0,0,0,0,0,23702,0,0,0,0,0,0,15583.3,0,0,0,0,0,22501,0,0,0,0,0,0,13.7464,0,0,0,0,0,156.771,0,0
0,200,128,128,0,0,0,0,0,2.98397,0,0,0,0,0,216.692,0,0,0,0,0,0,3.17081,0,0,0,0,0,207.582,0,277.177,0,0,364.108,0,0,0,0,0,0,0,1974.72,0,0,0,0,0,1906.17,0,0,0,0,0,0,2618.41,0,0,0,0,0,1746.96,0,0,0,0,0,0,201.872,0,0,0,0,0,55.4833,0,0
0,200,129,129,0,0,0,0,0,137.579,0,0,0,0,0,24.2348,0,0,0,0,0,0,153.198,0,0,0,0,0,21.1254,0,178.546,0,0,924.264,0,0,0,0,0,0,0,4220.01,0,0,0,0,0,856.868,0,0,0,0,0,0,4273.66,0,0,0,0,0,829.335,0,0,0,0,0,0,511.745,0,0,0,0,0,66.2597,0,0
0,200,130,130,0,0,0,0,0,190.316,0,0,0,0,0,629.789,0,0,0,0,0,0,186.599,0,0,0,0,0,632.783,0,532.577,0,0,1047.19,0,0,0,0,0,0,0,3280.83,0,0,0,0,0,5504.14,0,0,0,0,0,0,3565.54,0,0,0,0,0,5490.67,0,0,0,0,0,0,45.6138,0,0,0,0,0,4.58487,0,0
0,200,131,131,0,0,0,0,0,1814.76,0,0,0,0,0,7795.15,0,0,0,0,0,0,1784.04,0,0,0,0,0,7618.2,0,791.184,0,0,727.842,0,0,0,0,0,0,0,19763.9,0,0,0,0,0,40254,0,0,0,0,0,0,19574,0,0,0,0,0,38840.3,0,0,0,0,0,0,149.492,0,0,0,0,0,440.04,0,0
0,200,132,132,0,0,0,0,0,50.2063,0,0,0,0,0,1445.43,0,0,0,0,0,0,51.9863,0,0,0,0,0,1418.88,0,138.03,0,0,635.422,0,0,0,0,0,0,0,1614.77,0,0,0,0,0,3283.75,0,0,0,0,0,0,1811.86,0,0,0,0,0,3385.9,0,0,0,0,0,0,8.77647,0,0,0,0,0,70.2903,0,0
0,200,133,133,0,0,0,0,0,381.484,0,0,0,0,0,2065.26,0,0,0,0,0,0,382.465,0,0,0,0,0,2032.66,0,755.678,0,0,442.31,0,0,0,0,0,0,0,3471.5,0,0,0,0,0,1442.37,0,0,0,0,0,0,3741.03,0,0,0,0,0,1177.48,0,0,0,0,0,0,7.78521,0,0,0,0,0,97.8629,0,0
0,200,134,134,0,0,0,0,0,16.3965,0,0,0,0,0,1478.11,0,0,0,0,0,0,15.4488,0,0,0,0,0,1470.72,0,147.446,0,0,647.353,0,0,0,0,0,0,0,4348.42,0,0,0,0,0,1694,0,0,0,0,0,0,4450.65,0,0,0,0,0,1750.79,0,0,0,0,0,0,61.2123,0,0,0,0,0,10.225,0,0
0,200,135,135,0,0,0,0,0,38.3335,0,0,0,0,0,1162.75,0,0,0,0,0,0,38.4778,0,0,0,0,0,1162.35,0,277.699,0,0,994.165,0,0,0,0,0,0,0,3626.58,0,0,0,0,0,1038.5,0,0,0,0,0,0,3630.61,0,0,0,0,0,967.597,0,0,0,0,0,0,10.2308,0,0,0,0,0,5.39763,0,0
0,200,136,136,0,0,0,0,0,116.242,0,0,0,0,0,43.5355,0,0,0,0,0,0,113.879,0,0,0,0,0,42.9143,0,256.836,0,0,5403.49,0,0,0,0,0,0,0,19200.8,0,0,0,0,0,35009.8,0,0,0,0,0,0,18735.6,0,0,0,0,0,34561.9,0,0,0,0,0,0,11.1343,0,0,0,0,0,16.9255,0,0
0,200,137,137,0,0,0,0,0,89.5604,0,0,0,0,0,2274.66,0,0,0,0,0,0,91.9939,0,0,0,0,0,2213.56,0,285.444,0,0,604.101,0,0,0,0,0,0,0,1792.92,0,0,0,0,0,824.652,0,0,0,0,0,0,1771.18,0,0,0,0,0,690.654,0,0,0,0,0,0,14.5064,0,0,0,0,0,255.797,0,0
0,200,138,138,0,0,0,0,0,675.301,0,0,0,0,0,851.42,0,0,0,0,0,0,670.127,0,0,0,0,0,830.691,0,961.277,0,0,1026.31,0,0,0,0,0,0,0,22755.5,0,0,0,0,0,2267.57,0,0,0,0,0,0,22967.3,0,0,0,0,0,2210.54,0,0,0,0,0,0,27.3967,0,0,0,0,0,67.3393,0,0
0,200,139,139,0,0,0,0,0,62.8681,0,0,0,0,0,112.852,0,0,0,0,0,0,29.9807,0,0,0,0,0,113.155,0,207.693,0,0,1090.41,0,0,0,0,0,0,0,6228.59,0,0,0,0,0,5100.6,0,0,0,0,0,0,3181,0,0,0,0,0,5029.54,0,0,0,0,0,0,2687.6,0,0,0,0,0,7.42949,0,0
0,200,140,140,0,0,0,0,0,12.8951,0,0,0,0,0,21.2041,0,0,0,0,0,0,12.3435,0,0,0,0,0,15.4042,0,822.592,0,0,166.131,0,0,0,0,0,0,0,4939.34,0,0,0,0,0,3680.26,0,0,0,0,0,0,4911.74,0,0,0,0,0,3349.68,0,0,0,0,0,0,107.675,0,0,0,0,0,246.396,0,0
0,200,141,141,0,0,0,0,0,3.30972,0,0,0,0,0,128.035,0,0,0,0,0,0,2.61788,0,0,0,0,0,124.551,0,633.4,0,0,1234.41,0,0,0,0,0,0,0,2487.84,0,0,0,0,0,1707.81,0,0,0,0,0,0,2757.99,0,0,0,0,0,1495.52,0,0,0,0,0,0,65.5516,0,0,0,0,0,18.4062,0,0
0,200,142,142,0,0,0,0,0,386.485,0,0,0,0,0,2319.95,0,0,0,0,0,0,391.237,0,0,0,0,0,2326.23,0,1281.41,0,0,545.119,0,0,0,0,0,0,0,2712.48,0,0,0,0,0,2402.17,0,0,0,0,0,0,2757.65,0,0,0,0,0,2307.67,0,0,0,0,0,0,10.4824,0,0,0,0,0,7.14634,0,0
0,200,143,143,0,0,0,0,0,722.793,0,0,0,0,0,2518.65,0,0,0,0,0,0,689.609,0,0,0,0,0,2470.88,0,746.139,0,0,1807.24,0,0,0,0,0,0,0,13192.3,0,0,0,0,0,1453.72,0,0,0,0,0,0,11707.1,0,0,0,0,0,1486.13,0,0,0,0,0,0,231.134,0,0,0,0,0,127.171,0,0
0,200,144,144,0,0,0,0,0,411.159,0,0,0,0,0,42.1351,0,0,0,0,0,0,418.534,0,0,0,0,0,40.9186,0,401.372,0,0,1903.76,0,0,0,0,0,0,0,2017.32,0,0,0,0,0,4021.97,0,0,0,0,0,0,1925.38,0,0,0,0,0,3989.31,0,0,0,0,0,0,102.876,0,0,0,0,0,9.3275,0,0
0,200,145,145,0,0,0,0,0,94.855,0,0,0,0,0,443.995,0,0,0,0,0,0,84.5156,0,0,0,0,0,420.92,0,501.387,0,0,619.954,0,0,0,0,0,0,0,4686.47,0,0,0,0,0,2401.69,0,0,0,0,0,0,4590.82,0,0,0,0,0,2104.52,0,0,0,0,0,0,137.66,0,0,0,0,0,173.91,0,0
0,200,146,146,0,0,0,0,0,1963.12,0,0,0,0,0,3154.62,0,0,0,0,0,0,1943.72,0,0,0,0,0,3135.16,0,1067.22,0,0,646.485,0,0,0,0,0,0,0,13637.6,0,0,0,0,0,1175.21,0,0,0,0,0,0,13332.1,0,0,0,0,0,1180.44,0,0,0,0,0,0,38.5635,0,0,0,0,0,27.8941,0,0
0,200,147,147,0,0,0,0,0,69.453,0,0,0,0,0,11.1394,0,0,0,0,0,0,72.2627,0,0,0,0,0,10.9067,0,550.487,0,0,1009.99,0,0,0,0,0,0,0,3567.49,0,0,0,0,0,1762.01,0,0,0,0,0,0,3259.62,0,0,0,0,0,1812.79,0,0,0,0,0,0,250.517,0,0,0,0,0,7.36628,0,0
0,200,148,148,0,0,0,0,0,3023.97,0,0,0,0,0,7869.33,0,0,0,0,0,0,2999.44,0,0,0,0,0,7768.49,0,357.56,0,0,820.179,0,0,0,0,0,0,0,8174.16,0,0,0,0,0,2425.54,0,0,0,0,0,0,8998.41,0,0,0,0,0,2967,0,0,0,0,0,0,63.1171,0,0,0,0,0,182.72,0,0
0,200,149,149,0,0,0,0,0,98.1882,0,0,0,0,0,2484.01,0,0,0,0,0,0,90.4876,0,0,0,0,0,2481.63,0,55.3463,0,0,313.024,0,0,0,0,0,0,0,18520.2,0,0,0,0,0,2634.87,0,0,0,0,0,0,19066.7,0,0,0,0,0,2611.35,0,0,0,0,0,0,136.024,0,0,0,0,0,4.12004,0,0
0,200,150,150,0,0,0,0,0,21.9451,0,0,0,0,0,1042.28,0,0,0,0,0,0,15.2036,0,0,0,0,0,1037.77,0,159.96,0,0,1759.15,0,0,0,0,0,0,0,9346.36,0,0,0,0,0,11347,0,0,0,0,0,0,11267.3,0,0,0,0,0,11388.6,0,0,0,0,0,0,357.519,0,0,0,0,0,9.3404,0,0
0,200,151,151,0,0,0,0,0,97.1876,0,0,0,0,0,1293.82,0,0,0,0,0,0,96.5163,0,0,0,0,0,1255.24,0,202.498,0,0,799.72,0,0,0,0,0,0,0,7800.09,0,0,0,0,0,6780.64,0,0,0,0,0,0,7920.15,0,0,0,0,0,6013.54,0,0,0,0,0,0,9.9476,0,0,0,0,0,127.105,0,0
0,200,152,152,0,0,0,0,0,142.547,0,0,0,0,0,179.252,0,0,0,0,0,0,148.135,0,0,0,0,0,174.239,0,136.012,0,0,3219.15,0,0,0,0,0,0,0,3144.9,0,0,0,0,0,11421.6,0,0,0,0,0,0,2955.38,0,0,0,0,0,11017.3,0,0,0,0,0,0,66.314,0,0,0,0,0,25.67,0,0
0,200,153,153,0,0,0,0,0,82.2869,0,0,0,0,0,64.1417,0,0,0,0,0,0,77.4117,0,0,0,0,0,63.1504,0,240.45,0,0,1442.05,0,0,0,0,0,0,0,3272.21,0,0,0,0,0,7781.85,0,0,0,0,0,0,2785.2,0,0,0,0,0,7603.59,0,0,0,0,0,0,266.416,0,0,0,0,0,5.69198,0,0
0,200,154,154,0,0,0,0,0,54.4806,0,0,0,0,0,509.473,0,0,0,0,0,0,55.0092,0,0,0,0,0,507.647,0,236.023,0,0,1042.2,0,0,0,0,0,0,0,6193.95,0,0,0,0,0,13189,0,0,0,0,0,0,6092.57,0,0,0,0,0,13486.3,0,0,0,0,0,0,16.9763,0,0,0,0,0,10.7267,0,0
0,200,155,155,0,0,0,0,0,7098.66,0,0,0,0,0,14482.4,0,0,0,0,0,0,7129.36,0,0,0,0,0,14481.7,0,829.512,0,0,1481.39,0,0,0,0,0,0,0,20634.3,0,0,0,0,0,10140.3,0,0,0,0,0,0,20980.6,0,0,0,0,0,9984.8,0,0,0,0,0,0,15.5963,0,0,0,0,0,2.25735,0,0
0,200,156,156,0,0,0,0,0,39.9479,0,0,0,0,0,32.4002,0,0,0,0,0,0,40.1714,0,0,0,0,0,32.0075,0,597.76,0,0,1282.77,0,0,0,0,0,0,0,4041.34,0,0,0,0,0,8036.91,0,0,0,0,0,0,4051,0,0,0,0,0,8046.04,0,0,0,0,0,0,20.9555,0,0,0,0,0,24.8286,0,0
0,200,157,157,0,0,0,0,0,111.142,0,0,0,0,0,19.0322,0,0,0,0,0,0,116.047,0,0,0,0,0,18.6034,0,213.521,0,0,1027.89,0,0,0,0,0,0,0,2965.56,0,0,0,0,0,6003.15,0,0,0,0,0,0,2740.58,0,0,0,0,0,5641.44,0,0,0,0,0,0,235.174,0,0,0,0,0,45.0046,0,0
0,200,158,158,0,0,0,0,0,800.749,0,0,0,0,0,4514.23,0,0,0,0,0,0,743.079,0,0,0,0,0,4486.51,0,701.773,0,0,475.259,0,0,0,0,0,0,0,8539.45,0,0,0,0,0,861.199,0,0,0,0,0,0,9406.88,0,0,0,0,0,893.743,0,0,0,0,0,0,485.32,0,0,0,0,0,20.6011,0,0
0,200,159,159,0,0,0,0,0,4056.87,0,0,0,0,0,13418.8,0,0,0,0,0,0,4050.11,0,0,0,0,0,13374.6,0,273.072,0,0,860.311,0,0,0,0,0,0,0,954.198,0,0,0,0,0,3388.64,0,0,0,0,0,0,969.101,0,0,0,0,0,3258.01,0,0,0,0,0,0,10.8151,0,0,0,0,0,24.5145,0,0
0,200,160,160,0,0,0,0,0,283.94,0,0,0,0,0,7.98112,0,0,0,0,0,0,289.327,0,0,0,0,0,8.36383,0,259.956,0,0,4870.79,0,0,0,0,0,0,0,10718.9,0,0,0,0,0,1500.71,0,0,0,0,0,0,11358.9,0,0,0,0,0,1549.33,0,0,0,0,0,0,34.0461,0,0,0,0,0,65.4656,0,0
0,200,161,161,0,0,0,0,0,28.3057,0,0,0,0,0,166.237,0,0,0,0,0,0,33.1227,0,0,0,0,0,155.343,0,298.402,0,0,722.232,0,0,0,0,0,0,0,1563.37,0,0,0,0,0,4369.81,0,0,0,0,0,0,1808.03,0,0,0,0,0,4786.6,0,0,0,0,0,0,199.37,0,0,0,0,0,137.802,0,0
0,200,162,162,0,0,0,0,0,35.0101,0,0,0,0,0,192.871,0,0,0,0,0,0,35.9546,0,0,0,0,0,192.893,0,180.974,0,0,382.779,0,0,0,0,0,0,0,1733.06,0,0,0,0,0,1088.61,0,0,0,0,0,0,1901.13,0,0,0,0,0,1088.59,0,0,0,0,0,0,12.1584,0,0,0,0,0,2.44125,0,0
0,200,163,163,0,0,0,0,0,1407.28,0,0,0,0,0,2024.99,0,0,0,0,0,0,1382.55,0,0,0,0,0,2014.08,0,326.104,0,0,405.284,0,0,0,0,0,0,0,2832.36,0,0,0,0,0,296.801,0,0,0,0,0,0,2705.76,0,0,0,0,0,268.734,0,0,0,0,0,0,67.0871,0,0,0,0,0,16.9588,0,0
0,200,164,164,0,0,0,0,0,9.93333,0,0,0,0,0,723.272,0,0,0,0,0,0,10.3911,0,0,0,0,0,701.089,0,156.996,0,0,850.638,0,0,0,0,0,0,0,810.299,0,0,0,0,0,5750.39,0,0,0,0,0,0,876.543,0,0,0,0,0,6076.75,0,0,0,0,0,0,25.4206,0,0,0,0,0,119.806,0,0
0,200,165,165,0,0,0,0,0,618.226,0,0,0,0,0,1799.66,0,0,0,0,0,0,628.624,0,0,0,0,0,1802.51,0,243.163,0,0,672.822,0,0,0,0,0,0,0,2002.45,0,0,0,0,0,2708.95,0,0,0,0,0,0,2125.82,0,0,0,0,0,2706.9,0,0,0,0,0,0,18.4038,0,0,0,0,0,1.76777,0,0
0,200,166,166,0,0,0,0,0,36.5848,0,0,0,0,0,59.5008,0,0,0,0,0,0,39.3983,0,0,0,0,0,58.9367,0,1123.46,0,0,682.198,0,0,0,0,0,0,0,4430.53,0,0,0,0,0,1460.75,0,0,0,0,0,0,4245.77,0,0,0,0,0,1418.96,0,0,0,0,0,0,263.673,0,0,0,0,0,3.69362,0,0
0,200,167,167,0,0,0,0,0,78.5228,0,0,0,0,0,154.803,0,0,0,0,0,0,77.0772,0,0,0,0,0,156.367,0,201.528,0,0,1450.29,0,0,0,0,0,0,0,6159.75,0,0,0,0,0,18937.5,0,0,0,0,0,0,5944.52,0,0,0,0,0,18921.3,0,0,0,0,0,0,7.91497,0,0,0,0,0,4.06524,0,0
0,200,168,168,0,0,0,0,0,107.958,0,0,0,0,0,694.875,0,0,0,0,0,0,106.964,0,0,0,0,0,695.818,0,289.312,0,0,926.281,0,0,0,0,0,0,0,2450.24,0,0,0,0,0,3771.34,0,0,0,0,0,0,2418.76,0,0,0,0,0,3737.89,0,0,0,0,0,0,15.0608,0,0,0,0,0,3.48777,0,0
0,200,169,169,0,0,0,0,0,19.7316,0,0,0,0,0,36.6508,0,0,0,0,0,0,19.1715,0,0,0,0,0,36.1696,0,845.025,0,0,1173.49,0,0,0,0,0,0,0,2162.23,0,0,0,0,0,1299.39,0,0,0,0,0,0,2034.23,0,0,0,0,0,1238.05,0,0,0,0,0,0,8.16991,0,0,0,0,0,3.27598,0,0
0,200,170,170,0,0,0,0,0,535.993,0,0,0,0,0,329.86,0,0,0,0,0,0,544.846,0,0,0,0,0,307.621,0,768.499,0,0,719.468,0,0,0,0,0,0,0,4750.72,0,0,0,0,0,4705.73,0,0,0,0,0,0,4940.07,0,0,0,0,0,4206.32,0,0,0,0,0,0,16.2345,0,0,0,0,0,213.84,0,0
0,200,171,171,0,0,0,0,0,4.92836,0,0,0,0,0,128.651,0,0,0,0,0,0,4.10014,0,0,0,0,0,130.082,0,50.945,0,0,3355.27,0,0,0,0,0,0,0,15589.3,0,0,0,0,0,1137.06,0,0,0,0,0,0,14254.4,0,0,0,0,0,1115.7,0,0,0,0,0,0,62.1207,0,0,0,0,0,2.92074,0,0
0,200,172,172,0,0,0,0,0,507.169,0,0,0,0,0,3167.15,0,0,0,0,0,0,510.703,0,0,0,0,0,3109.35,0,632.529,0,0,782.833,0,0,0,0,0,0,0,3714.67,0,0,0,0,0,2045.14,0,0,0,0,0,0,3998.07,0,0,0,0,0,2005.97,0,0,0,0,0,0,10.5786,0,0,0,0,0,170.871,0,0
0,200,173,173,0,0,0,0,0,1815.91,0,0,0,0,0,3387.5,0,0,0,0,0,0,1780.57,0,0,0,0,0,3390.39,0,1612.53,0,0,411.552,0,0,0,0,0,0,0,1863.15,0,0,0,0,0,795.17,0,0,0,0,0,0,2118.77,0,0,0,0,0,742.058,0,0,0,0,0,0,174.295,0,0,0,0,0,12.38,0,0
0,200,174,174,0,0,0,0,0,164.428,0,0,0,0,0,1162.54,0,0,0,0,0,0,168.864,0,0,0,0,0,1123.44,0,130.176,0,0,697.713,0,0,0,0,0,0,0,475.155,0,0,0,0,0,4619.45,0,0,0,0,0,0,515.115,0,0,0,0,0,4138.72,0,0,0,0,0,0,15.3545,0,0,0,0,0,177.645,0,0
0,200,175,175,0,0,0,0,0,61.5374,0,0,0,0,0,1209.28,0,0,0,0,0,0,60.9564,0,0,0,0,0,1195.57,0,103.255,0,0,4057.14,0,0,0,0,0,0,0,19817.6,0,0,0,0,0,38694.7,0,0,0,0,0,0,20251.8,0,0,0,0,0,38747.2,0,0,0,0,0,0,5.93141,0,0,0,0,0,26.1653,0,0
0,200,176,176,0,0,0,0,0,653.027,0,0,0,0,0,3558.13,0,0,0,0,0,0,645.292,0,0,0,0,0,3533.99,0,644.07,0,0,331.968,0,0,0,0,0,0,0,10334.9,0,0,0,0,0,3038.19,0,0,0,0,0,0,10306,0,0,0,0,0,3041.26,0,0,0,0,0,0,18.0201,0,0,0,0,0,20.4227,0,0
0,200,177,177,0,0,0,0,0,46.5418,0,0,0,0,0,777.715,0,0,0,0,0,0,48.1968,0,0,0,0,0,779.249,0,213.239,0,0,735.808,0,0,0,0,0,0,0,1149.83,0,0,0,0,0,10460.9,0,0,0,0,0,0,1160.93,0,0,0,0,0,10492,0,0,0,0,0,0,12.927,0,0,0,0,0,4.0483,0,0
0,200,178,178,0,0,0,0,0,16.01,0,0,0,0,0,1040.25,0,0,0,0,0,0,12.9623,0,0,0,0,0,1008.36,0,153.465,0,0,1142.34,0,0,0,0,0,0,0,2840.39,0,0,0,0,0,4879.66,0,0,0,0,0,0,2256.06,0,0,0,0,0,5095.97,0,0,0,0,0,0,90.6587,0,0,0,0,0,111.85,0,0
0,200,179,179,0,0,0,0,0,412.323,0,0,0,0,0,1644.12,0,0,0,0,0,0,419.137,0,0,0,0,0,1650.53,0,368.574,0,0,870.285,0,0,0,0,0,0,0,2563.22,0,0,0,0,0,1272.53,0,0,0,0,0,0,2498.87,0,0,0,0,0,1305.18,0,0,0,0,0,0,13.8906,0,0,0,0,0,6.68901,0,0
0,200,180,180,0,0,0,0,0,694.902,0,0,0,0,0,3612.42,0,0,0,0,0,0,671.65,0,0,0,0,0,3523.52,0,315.573,0,0,958.006,0,0,0,0,0,0,0,3621.91,0,0,0,0,0,867.896,0,0,0,0,0,0,3423.28,0,0,0,0,0,696.04,0,0,0,0,0,0,111.196,0,0,0,0,0,245.195,0,0
0,200,181,181,0,0,0,0,0,451.802,0,0,0,0,0,1154.57,0,0,0,0,0,0,460.044,0,0,0,0,0,1152.55,0,844.201,0,0,1053.68,0,0,0,0,0,0,0,3137,0,0,0,0,0,16905.9,0,0,0,0,0,0,3001.18,0,0,0,0,0,16813.5,0,0,0,0,0,0,17.5822,0,0,0,0,0,8.3678,0,0
0,200,182,182,0,0,0,0,0,83.4121,0,0,0,0,0,1258.49,0,0,0,0,0,0,81.6093,0,0,0,0,0,1258.7,0,73.655,0,0,651.364,0,0,0,0,0,0,0,1263.82,0,0,0,0,0,7736.39,0,0,0,0,0,0,1263.09,0,0,0,0,0,7494.32,0,0,0,0,0,0,16.5769,0,0,0,0,0,7.64463,0,0
0,200,183,183,0,0,0,0,0,81.3026,0,0,0,0,0,215.545,0,0,0,0,0,0,82.1629,0,0,0,0,0,213.569,0,1060.68,0,0,6728.65,0,0,0,0,0,0,0,9803.04,0,0,0,0,0,25613.6,0,0,0,0,0,0,9382.95,0,0,0,0,0,25675.4,0,0,0,0,0,0,9.96898,0,0,0,0,0,9.76508,0,0
0,200,184,184,0,0,0,0,0,91.6667,0,0,0,0,0,707.669,0,0,0,0,0,0,94.4832,0,0,0,0,0,692.407,0,162.352,0,0,565.252,0,0,0,0,0,0,0,9435.43,0,0,0,0,0,2603.15,0,0,0,0,0,0,9750.58,0,0,0,0,0,2695.06,0,0,0,0,0,0,9.1705,0,0,0,0,0,50.467,0,0
0,200,185,185,0,0,0,0,0,892.874,0,0,0,0,0,1248.62,0,0,0,0,0,0,899.582,0,0,0,0,0,1242.18,0,951.674,0,0,492.565,0,0,0,0,0,0,0,1650.18,0,0,0,0,0,632.871,0,0,0,0,0,0,1793.73,0,0,0,0,0,612.324,0,0,0,0,0,0,7.84282,0,0,0,0,0,14.704,0,0
0,200,186,186,0,0,0,0,0,15.3839,0,0,0,0,0,397.067,0,0,0,0,0,0,14.9398,0,0,0,0,0,379.502,0,160.258,0,0,1807.38,0,0,0,0,0,0,0,17626.2,0,0,0,0,0,7623.65,0,0,0,0,0,0,18143.3,0,0,0,0,0,7835.06,0,0,0,0,0,0,13.9381,0,0,0,0,0,119.776,0,0
0,200,187,187,0,0,0,0,0,71.9337,0,0,0,0,0,1367.92,0,0,0,0,0,0,68.9282,0,0,0,0,0,1324.76,0,241.966,0,0,931.968,0,0,0,0,0,0,0,3747.61,0,0,0,0,0,2895.53,0,0,0,0,0,0,3727.31,0,0,0,0,0,2991.21,0,0,0,0,0,0,57.6377,0,0,0,0,0,147.946,0,0
0,200,188,188,0,0,0,0,0,533.119,0,0,0,0,0,1799.7,0,0,0,0,0,0,521.217,0,0,0,0,0,1767.11,0,355.409,0,0,863.2,0,0,0,0,0,0,0,21149.9,0,0,0,0,0,4117.41,0,0,0,0,0,0,20996,0,0,0,0,0,4043.99,0,0,0,0,0,0,51.7237,0,0,0,0,0,78.0669,0,0
0,200,189,189,0,0,0,0,0,41.4253,0,0,0,0,0,674.578,0,0,0,0,0,0,39.6524,0,0,0,0,0,665.255,0,97.4204,0,0,466.327,0,0,0,0,0,0,0,3082.01,0,0,0,0,0,1817.85,0,0,0,0,0,0,2929.97,0,0,0,0,0,1814.62,0,0,0,0,0,0,33.3006,0,0,0,0,0,18.4332,0,0
0,200,190,190,0,0,0,0,0,20.1499,0,0,0,0,0,92.3294,0,0,0,0,0,0,20.5689,0,0,0,0,0,82.2165,0,685.609,0,0,298.701,0,0,0,0,0,0,0,2009.84,0,0,0,0,0,3984.65,0,0,0,0,0,0,2115.68,0,0,0,0,0,3465.65,0,0,0,0,0,0,73.5897,0,0,0,0,0,192.995,0,0
0,200,191,191,0,0,0,0,0,22.9606,0,0,0,0,0,97.8252,0,0,0,0,0,0,21.5761,0,0,0,0,0,97.4305,0,162.532,0,0,1830.38,0,0,0,0,0,0,0,1470.62,0,0,0,0,0,21219.1,0,0,0,0,0,0,1365.83,0,0,0,0,0,21118,0,0,0,0,0,0,15.04,0,0,0,0,0,4.91334,0,0
0,200,192,192,0,0,0,0,0,34.7781,0,0,0,0,0,275.826,0,0,0,0,0,0,26.8289,0,0,0,0,0,267.179,0,195.841,0,0,622.162,0,0,0,0,0,0,0,1265.56,0,0,0,0,0,1909.16,0,0,0,0,0,0,1309.47,0,0,0,0,0,1700.82,0,0,0,0,0,0,308.116,0,0,0,0,0,37.5737,0,0
0,200,193,193,0,0,0,0,0,43.6387,0,0,0,0,0,8.23786,0,0,0,0,0,0,41.7315,0,0,0,0,0,7.3049,0,78.2618,0,0,654.669,0,0,0,0,0,0,0,906.798,0,0,0,0,0,1195.58,0,0,0,0,0,0,962.722,0,0,0,0,0,1332.2,0,0,0,0,0,0,13.7164,0,0,0,0,0,23.4604,0,0
0,200,194,194,0,0,0,0,0,145.656,0,0,0,0,0,2031.3,0,0,0,0,0,0,134.392,0,0,0,0,0,1999.28,0,81.1018,0,0,2285.63,0,0,0,0,0,0,0,3682.28,0,0,0,0,0,4948.77,0,0,0,0,0,0,3646.54,0,0,0,0,0,4818.69,0,0,0,0,0,0,171.288,0,0,0,0,0,54.6494,0,0
0,200,195,195,0,0,0,0,0,27.2591,0,0,0,0,0,896.563,0,0,0,0,0,0,26.2609,0,0,0,0,0,849.847,0,141.759,0,0,1667.07,0,0,0,0,0,0,0,3196.55,0,0,0,0,0,6226.67,0,0,0,0,0,0,2988.38,0,0,0,0,0,6087.8,0,0,0,0,0,0,35.1344,0,0,0,0,0,276.549,0,0
0,200,196,196,0,0,0,0,0,1147.83,0,0,0,0,0,2771.61,0,0,0,0,0,0,1130.66,0,0,0,0,0,2761.22,0,445.024,0,0,845.382,0,0,0,0,0,0,0,5386.57,0,0,0,0,0,542.565,0,0,0,0,0,0,5222.8,0,0,0,0,0,531.327,0,0,0,0,0,0,70.3131,0,0,0,0,0,13.2207,0,0
0,200,197,197,0,0,0,0,0,1062.65,0,0,0,0,0,3734.05,0,0,0,0,0,0,1066.65,0,0,0,0,0,3726.93,0,299.101,0,0,587.607,0,0,0,0,0,0,0,1646.86,0,0,0,0,0,4460.65,0,0,0,0,0,0,1812.26,0,0,0,0,0,4446.16,0,0,0,0,0,0,5.10273,0,0,0,0,0,6.32576,0,0
0,200,198,198,0,0,0,0,0,268.036,0,0,0,0,0,1665.19,0,0,0,0,0,0,275.085,0,0,0,0,0,1672.73,0,318.741,0,0,2211.05,0,0,0,0,0,0,0,7606.21,0,0,0,0,0,25230.7,0,0,0,0,0,0,7379.85,0,0,0,0,0,25320.7,0,0,0,0,0,0,22.6497,0,0,0,0,0,5.81156,0,0
0,200,base,base,0,0,0,0,0,72.3282,0,0,0,0,0,88.0303,0,0,0,0,0,0,71.5785,0,0,0,0,0,86.5537,0,187.725,0,0,453.596,0,0,0,0,0,0,0,453.49,0,0,0,0,0,2984.97,0,0,0,0,0,0,496.311,0,0,0,0,0,2996.68,0,0,0,0,0,0,1.55783,0,0,0,0,0,4.03522,0,0
