totim,ghb,in-out,percent-discrepancy,rcha,sfr,sto-ss,sto-sy,total,wel
3652.5,-1056221.2,-735.2438,-0.01,9054643.0,-5297630.0,283.40747,668999.75,-736.0,-3370809.8
3653.5,-1056507.6,-735.2391,-0.01,9056521.0,-5299071.5,285.83716,669642.56,-736.0,-3371606.0
3654.5,-1056787.8,-735.2451,-0.01,9057735.0,-5300499.0,291.4995,670841.3,-735.0,-3372316.0
3655.5,-1057067.0,-735.1423,-0.01,9059326.0,-5301922.5,294.7068,671626.4,-735.0,-3372992.5
3656.5,-1057347.0,-735.16,-0.01,9061287.0,-5303347.5,296.82446,672125.8,-736.0,-3373750.8
3657.5,-1057625.1,-735.1236,-0.01,9063022.0,-5304768.0,299.65894,672803.94,-735.0,-3374467.8
3658.5,-1057903.4,-735.1668,-0.01,9064947.0,-5306186.5,302.43335,673407.3,-735.0,-3375302.5
3659.5,-1058184.1,-735.1202,-0.01,9067399.0,-5307610.0,301.79834,673429.2,-736.0,-3376071.0
3660.5,-1058463.5,-735.1486,-0.01,9069388.0,-5309030.5,303.8899,673900.3,-735.0,-3376833.5
3661.5,-1058744.5,-735.1073,-0.01,9071769.0,-5310453.5,303.7859,673949.44,-735.0,-3377558.5
3662.5,-1059023.6,-735.1485,-0.01,9073670.0,-5311869.5,306.26465,674511.94,-735.0,-3378330.8
3663.5,-1059303.8,-735.1943,-0.01,9075923.0,-5313284.0,307.64038,674822.4,-735.0,-3379200.0
3664.5,-1059584.4,-735.2752,-0.01,9078193.0,-5314697.0,308.45996,675092.44,-735.0,-3380048.2
3665.5,-1059861.5,-735.2765,-0.01,9079849.0,-5316101.5,312.44287,675954.56,-735.0,-3380888.5
3666.5,-1060140.2,-735.2887,-0.01,9082089.0,-5317505.0,314.2964,676349.4,-736.0,-3381842.5
3667.5,-1060422.2,-735.2579,-0.01,9084992.0,-5318922.5,311.1101,675946.94,-735.0,-3382640.2
3668.5,-1060701.4,-735.3293,-0.01,9086926.0,-5320328.0,314.67773,676586.56,-735.0,-3383533.8
3669.5,-1060980.0,-735.3854,-0.01,9088984.0,-5321728.0,317.32153,677172.56,-735.0,-3384501.5
3670.5,-1061259.0,-735.4213,-0.01,9091175.0,-5323128.0,317.99805,677501.25,-736.0,-3385343.0
3671.5,-1061540.0,-735.419,-0.01,9093775.0,-5324530.5,317.27075,677447.25,-736.0,-3386205.0
3672.5,-1061820.8,-735.4374,-0.01,9096114.0,-5325929.0,318.93457,677778.4,-735.0,-3387197.2
3673.5,-1062102.1,-735.4886,-0.01,9098551.0,-5327325.5,320.1914,678068.5,-735.0,-3388247.8
3674.5,-1062384.5,-735.5611,-0.01,9101094.0,-5328722.0,321.03052,678325.7,-736.0,-3389369.8
3675.5,-1062666.5,-735.5352,-0.01,9103446.0,-5330117.5,320.75635,678522.5,-736.0,-3390241.0
3676.5,-1062949.5,-735.5652,-0.01,9105970.0,-5331513.5,321.88574,678712.6,-736.0,-3391277.5
3677.5,-1063233.8,-735.5292,-0.01,9108700.0,-5332913.5,320.81885,678638.9,-736.0,-3392247.5
3678.5,-1063520.1,-735.5188,-0.01,9111747.0,-5334322.0,319.04834,678290.4,-735.0,-3393250.0
3679.5,-1063807.5,-735.4649,-0.01,9114672.0,-5335735.5,317.00537,677976.8,-735.0,-3394158.5
3680.5,-1064094.1,-735.4489,-0.01,9117147.0,-5337146.5,317.4795,678098.0,-735.0,-3395057.5
3681.5,-1064383.8,-735.4442,-0.01,9120406.0,-5338569.0,315.08472,677528.2,-735.0,-3396032.0
3682.5,-1064674.1,-735.4371,-0.01,9123457.0,-5339995.0,312.62158,677082.1,-736.0,-3396917.5
3683.5,-1064963.2,-735.4849,-0.01,9125905.0,-5341414.0,314.05273,677295.56,-736.0,-3397872.8
3684.5,-1065256.5,-735.4575,-0.01,9129718.0,-5342854.0,308.3003,676163.6,-735.0,-3398814.8
3685.5,-1065548.9,-735.4233,-0.01,9132442.0,-5344293.5,307.2422,675996.06,-736.0,-3399638.0
3686.5,-1065840.2,-735.451,-0.01,9134898.0,-5345729.0,308.84985,676202.3,-735.0,-3400575.8
3687.5,-1066134.9,-735.432,-0.01,9138301.0,-5347174.5,305.802,675560.5,-736.0,-3401593.2
3688.5,-1066428.0,-735.4831,-0.01,9140837.0,-5348613.0,307.13745,675805.06,-735.0,-3402643.8
3689.5,-1066723.9,-735.4668,-0.01,9144160.0,-5350065.0,303.42676,675143.9,-735.0,-3403553.5
3690.5,-1067021.9,-735.4301,-0.01,9147745.0,-5351527.5,299.0354,674250.75,-735.0,-3404481.2
3691.5,-1067320.1,-735.4368,-0.01,9150865.0,-5352992.5,297.4087,673798.56,-735.0,-3405383.8
3692.5,-1067618.9,-735.4533,-0.01,9153857.0,-5354456.0,296.96875,673596.5,-735.0,-3406411.8
3693.5,-1067919.6,-735.4458,-0.01,9157294.0,-5355929.5,293.26904,672873.75,-735.0,-3407347.0
3694.5,-1068221.8,-735.4352,-0.01,9160793.0,-5357413.0,290.05225,672134.6,-735.0,-3408317.8
3695.5,-1068527.4,-735.3989,-0.01,9165490.0,-5358923.5,281.8391,670254.5,-736.0,-3409310.8
3696.5,-1068833.8,-735.3996,-0.01,9169203.0,-5360440.0,277.90356,669352.8,-735.0,-3410295.8
3697.5,-1069143.4,-735.3695,-0.01,9173983.0,-5361981.5,269.0703,667348.5,-735.0,-3411211.2
3698.5,-1069451.2,-735.3812,-0.01,9176976.0,-5363519.5,268.1267,667047.56,-736.0,-3412056.8
3699.5,-1069762.2,-735.3826,-0.01,9180982.0,-5365074.5,262.11304,665718.25,-735.0,-3412860.8
3700.5,-1070073.6,-735.3497,-0.01,9184341.0,-5366635.5,258.60718,664973.44,-736.0,-3413598.8
3701.5,-1070383.4,-735.4321,-0.01,9187011.0,-5368191.5,259.98535,665010.75,-735.0,-3414441.8
3702.5,-1070694.4,-735.3794,-0.01,9190046.0,-5369753.5,258.61865,664710.25,-735.0,-3415302.8
3703.5,-1071008.1,-735.3578,-0.01,9193882.0,-5371328.5,253.58154,663618.4,-735.0,-3416152.0
3704.5,-1071322.5,-735.3498,-0.01,9197290.0,-5372910.5,250.85962,662950.9,-735.0,-3416993.8
3705.5,-1071637.8,-735.3004,-0.01,9200679.0,-5374500.0,247.76367,662250.2,-735.0,-3417774.0
3706.5,-1071955.4,-735.236,-0.01,9204622.0,-5376106.0,241.74023,660938.5,-735.0,-3418476.2
3707.5,-1072275.6,-735.2434,-0.01,9209232.0,-5377734.0,234.4502,659093.44,-735.0,-3419285.5
3708.5,-1072595.5,-735.2631,-0.01,9212575.0,-5379362.0,232.32056,658516.06,-735.0,-3420101.2
3709.5,-1072917.0,-735.2312,-0.01,9216218.0,-5381003.0,227.23926,657486.4,-735.0,-3420746.5
3710.5,-1073242.4,-735.191,-0.01,9221485.0,-5382681.0,216.73169,654945.2,-735.0,-3421458.8
3711.5,-1073568.9,-735.212,-0.01,9225726.0,-5384365.5,211.7124,653599.8,-735.0,-3422339.0
3712.5,-1073894.6,-735.2103,-0.01,9228942.0,-5386046.0,210.57544,653225.5,-736.0,-3423172.8
3713.5,-1074223.4,-735.1867,-0.01,9233294.0,-5387746.0,203.94849,651714.0,-735.0,-3423978.2
3714.5,-1074553.6,-735.1719,-0.01,9237375.0,-5389456.5,198.74121,650480.7,-735.0,-3424779.0
3715.5,-1074886.6,-735.1664,-0.01,9242392.0,-5391194.0,190.12573,648362.25,-735.0,-3425598.8
3716.5,-1075219.1,-735.1685,-0.01,9245898.0,-5392927.0,188.68066,647853.8,-735.0,-3426529.0
3717.5,-1075552.9,-735.1246,-0.01,9249669.0,-5394668.5,184.58862,646965.6,-735.0,-3427333.0
3718.5,-1075888.8,-735.1025,-0.01,9253950.0,-5396423.5,178.9939,645627.25,-735.0,-3428178.5
3719.5,-1076226.5,-735.0803,-0.01,9258398.0,-5398194.0,173.09668,644147.7,-735.0,-3429033.8
3720.5,-1076565.4,-735.032,-0.01,9262611.0,-5399979.5,167.05225,642794.8,-735.0,-3429763.0
3721.5,-1076904.0,-735.0378,-0.01,9266006.0,-5401764.0,164.73145,642208.3,-735.0,-3430446.5
3722.5,-1077246.2,-735.0153,-0.01,9271070.0,-5403577.5,155.37158,640001.1,-735.0,-3431137.5
3723.5,-1077589.5,-735.0059,-0.01,9275319.0,-5405402.0,149.72705,638604.06,-735.0,-3431816.2
3724.5,-1077934.9,-734.9942,-0.01,9279933.0,-5407246.0,143.15625,636937.06,-735.0,-3432567.0
3725.5,-1078281.8,-734.9598,-0.01,9284435.0,-5409104.0,136.46484,635351.1,-735.0,-3433271.5
3726.5,-1078630.5,-734.9502,-0.01,9289026.0,-5410977.0,129.63818,633689.2,-735.0,-3433972.5
3727.5,-1078979.2,-734.9364,-0.01,9292744.0,-5412852.0,126.841064,632909.1,-735.0,-3434684.5
3728.5,-1079329.5,-734.9273,-0.01,9296807.0,-5414734.0,122.74951,631852.75,-735.0,-3435454.0
3729.5,-1079682.1,-734.8947,-0.01,9301550.0,-5416636.0,115.67383,630145.25,-734.0,-3436227.5
3730.5,-1080036.8,-734.8092,-0.01,9306554.0,-5418561.0,107.97339,628201.0,-735.0,-3437000.5
3731.5,-1080390.0,-734.8775,-0.01,9309945.0,-5420475.0,107.57959,627946.7,-735.0,-3437869.5
3732.5,-1080746.8,-734.8552,-0.01,9315115.0,-5422411.0,100.640625,626101.75,-735.0,-3438894.2
3733.5,-1081105.8,-734.8262,-0.01,9320980.0,-5424380.5,89.30908,623495.1,-735.0,-3439813.0
3734.5,-1081465.5,-734.8111,-0.01,9325460.0,-5426355.0,83.54248,622130.9,-735.0,-3440589.5
3735.5,-1081826.9,-734.8093,-0.01,9330124.0,-5428340.5,77.65527,620673.4,-735.0,-3441442.8
3736.5,-1082189.8,-734.7744,-0.01,9334813.0,-5430338.5,72.572754,619264.06,-735.0,-3442356.5
3737.5,-1082554.2,-734.7578,-0.01,9339673.0,-5432352.0,65.38281,617604.4,-735.0,-3443171.5
3738.5,-1082919.9,-734.7439,-0.01,9344290.0,-5434376.0,60.035156,616217.4,-735.0,-3444006.8
3739.5,-1083285.2,-734.7882,-0.01,9348092.0,-5436397.0,57.51367,615582.1,-735.0,-3444784.0
3740.5,-1083652.6,-734.7978,-0.01,9352730.0,-5438431.0,52.432373,614242.44,-735.0,-3445676.0
3741.5,-1084022.5,-734.7774,-0.01,9358337.0,-5440495.5,42.317383,611858.94,-735.0,-3446454.8
3742.5,-1084393.5,-734.7496,-0.01,9363347.0,-5442574.5,35.77881,610110.1,-734.0,-3447259.2
3743.5,-1084766.0,-734.7347,-0.01,9368505.0,-5444668.5,29.083008,608331.9,-735.0,-3448166.2
3744.5,-1085140.2,-734.7256,-0.01,9373818.0,-5446780.0,20.29834,606300.06,-735.0,-3448952.5
3745.5,-1085515.5,-734.6976,-0.01,9378736.0,-5448904.5,14.185791,604692.9,-735.0,-3449757.0
3746.5,-1085892.6,-734.6886,-0.01,9383802.0,-5451044.0,7.121826,602988.9,-735.0,-3450595.5
3747.5,-1086270.1,-734.6606,-0.01,9388230.0,-5453186.5,3.0466309,601935.9,-735.0,-3451447.0
3748.5,-1086648.2,-734.6195,-0.01,9392353.0,-5455332.5,-0.19628906,601144.06,-734.0,-3452250.5
3749.5,-1087029.2,-734.5746,-0.01,9398454.0,-5457514.0,-10.310059,598525.8,-735.0,-3453161.5
3750.5,-1087411.6,-734.5658,-0.01,9403695.0,-5459710.0,-18.394775,596638.94,-734.0,-3453929.2
3751.5,-1087795.6,-734.4763,-0.01,9408884.0,-5461923.0,-25.794922,594784.7,-734.0,-3454658.2
3752.5,-1088181.2,-734.4657,-0.01,9414191.0,-5464151.5,-32.88672,592948.6,-735.0,-3455508.2
3753.5,-1088567.4,-734.3922,-0.01,9418691.0,-5466382.5,-37.17871,591886.3,-734.0,-3456324.5
3754.5,-1088953.6,-734.4527,-0.01,9422634.0,-5468609.5,-38.875,591400.2,-735.0,-3457166.5
3755.5,-1089341.6,-734.4471,-0.01,9427245.0,-5470848.0,-44.07837,590197.1,-734.0,-3457943.2
3756.5,-1089730.1,-734.4584,-0.01,9431500.0,-5473088.5,-46.375732,589476.94,-734.0,-3458847.2
3757.5,-1090121.1,-734.4079,-0.01,9437079.0,-5475357.0,-55.70166,587322.1,-735.0,-3459601.8
3758.5,-1090514.0,-734.3803,-0.01,9443270.0,-5477654.5,-65.58179,584710.06,-734.0,-3460480.0
3759.5,-1090907.5,-734.4169,-0.01,9447976.0,-5479952.0,-69.312256,583704.6,-734.0,-3461485.5
3760.5,-1091302.1,-734.3614,-0.01,9452741.0,-5482255.5,-74.47949,582497.4,-734.0,-3462341.0
3761.5,-1091698.1,-734.3045,-0.01,9457767.0,-5484566.5,-79.15088,581184.44,-734.0,-3463342.0
3762.5,-1092095.5,-734.2886,-0.01,9463010.0,-5486890.5,-85.418945,579677.2,-734.0,-3464349.8
3763.5,-1092493.1,-734.2448,-0.01,9467574.0,-5489214.5,-88.69287,578815.44,-734.0,-3465327.2
3764.5,-1092892.1,-734.2836,-0.01,9472434.0,-5491544.0,-93.02417,577713.44,-734.0,-3466352.2
3765.5,-1093292.5,-734.2836,-0.01,9477754.0,-5493889.0,-98.79761,576218.6,-734.0,-3467426.2
3766.5,-1093693.6,-734.2902,-0.01,9482478.0,-5496239.0,-103.620605,575172.0,-734.0,-3468348.2
3767.5,-1094096.6,-734.2636,-0.01,9488543.0,-5498616.0,-112.444824,572904.56,-734.0,-3469357.0
3768.5,-1094500.0,-734.304,-0.01,9493248.0,-5500992.5,-116.33203,571948.0,-735.0,-3470321.5
3769.5,-1094905.1,-734.2556,-0.01,9498838.0,-5503388.5,-123.3103,570166.7,-734.0,-3471321.8
3770.5,-1095310.8,-734.2675,-0.01,9503704.0,-5505786.0,-126.77734,569147.3,-734.0,-3472361.8
3771.5,-1095717.4,-734.2382,-0.01,9508538.0,-5508188.5,-131.93408,568051.5,-734.0,-3473285.2
3772.5,-1096125.0,-734.2067,-0.01,9513429.0,-5510600.0,-136.20654,566937.8,-734.0,-3474239.8
3773.5,-1096532.4,-734.2143,-0.01,9517819.0,-5513008.0,-137.68774,566366.25,-734.0,-3475241.2
3774.5,-1096941.1,-734.1657,-0.01,9522692.0,-5515420.5,-142.03174,565357.2,-734.0,-3476279.2
3775.5,-1097351.4,-734.1531,-0.01,9527911.0,-5517847.0,-148.6482,563857.2,-734.0,-3477155.5
3776.5,-1097762.6,-734.1323,-0.01,9533248.0,-5520290.0,-154.69238,562286.8,-734.0,-3478062.2
3777.5,-1098174.1,-734.1555,-0.01,9537762.0,-5522729.5,-157.28882,561590.8,-734.0,-3479025.2
3778.5,-1098587.8,-734.1202,-0.01,9543714.0,-5525202.0,-166.75244,559403.6,-735.0,-3479895.5
3779.5,-1099002.0,-734.11,-0.01,9548663.0,-5527676.5,-170.60059,558273.75,-734.0,-3480821.8
3780.5,-1099417.5,-734.0512,-0.01,9553901.0,-5530163.5,-176.33008,556853.3,-734.0,-3481730.8
3781.5,-1099834.9,-734.0433,-0.01,9560122.0,-5532683.0,-186.7395,554402.56,-734.0,-3482554.5
3782.5,-1100253.1,-734.0723,-0.01,9565286.0,-5535208.0,-191.57666,553084.2,-735.0,-3483451.8
3783.5,-1100671.4,-734.092,-0.01,9569705.0,-5537725.5,-193.54517,552543.0,-734.0,-3484391.5
3784.5,-1101091.2,-734.0824,-0.01,9574883.0,-5540256.0,-198.4751,551311.4,-734.0,-3485383.0
3785.5,-1101510.6,-734.1,-0.01,9579215.0,-5542777.5,-199.33081,550947.2,-734.0,-3486409.5
3786.5,-1101932.4,-734.0886,-0.01,9584892.0,-5545323.5,-207.68677,549083.8,-734.0,-3487246.5
3787.5,-1102355.4,-734.0795,-0.01,9590364.0,-5547880.0,-213.91626,547513.0,-734.0,-3488161.8
3788.5,-1102778.8,-734.0759,-0.01,9595301.0,-5550441.5,-217.1499,546534.9,-735.0,-3489132.8
3789.5,-1103203.9,-734.0383,-0.01,9601237.0,-5553030.5,-225.95923,544479.94,-734.0,-3489991.2
3790.5,-1103629.8,-734.0186,-0.01,9606351.0,-5555626.5,-231.55322,543167.44,-734.0,-3490765.5
3791.5,-1104056.4,-734.07,-0.01,9611268.0,-5558225.5,-234.96289,542224.3,-734.0,-3491710.0
3792.5,-1104484.6,-734.0626,-0.01,9616790.0,-5560838.0,-241.42407,540624.6,-734.0,-3492584.5
3793.5,-1104914.2,-734.027,-0.01,9622631.0,-5563472.0,-249.65112,538652.1,-734.0,-3493381.2
3794.5,-1105342.9,-734.0342,-0.01,9626921.0,-5566097.5,-250.65991,538249.2,-734.0,-3494213.8
3795.5,-1105773.6,-734.0386,-0.01,9632120.0,-5568737.0,-256.55444,536876.7,-735.0,-3494964.0
3796.5,-1106205.5,-734.0365,-0.01,9637640.0,-5571392.5,-262.7522,535251.1,-735.0,-3495764.0
3797.5,-1106636.1,-734.035,-0.01,9641822.0,-5574041.0,-263.52515,534937.7,-734.0,-3496553.2
3798.5,-1107068.2,-733.9797,-0.01,9646515.0,-5576693.5,-267.2854,534091.4,-734.0,-3497311.0
3799.5,-1107501.9,-733.954,-0.01,9651690.0,-5579358.0,-272.438,532825.8,-734.0,-3498117.2
3800.5,-1107934.2,-733.9736,-0.01,9655832.0,-5582014.5,-272.80078,532583.4,-734.0,-3498928.0
3801.5,-1108369.1,-733.9249,-0.01,9661453.0,-5584693.0,-279.1892,530948.5,-734.0,-3499794.5
3802.5,-1108803.4,-733.9594,-0.01,9665895.0,-5587366.0,-281.18408,530433.75,-734.0,-3500611.5
3803.5,-1109236.9,-734.005,-0.01,9669883.0,-5590033.0,-281.46265,530328.4,-734.0,-3501394.2
3804.5,-1109673.1,-733.9851,-0.01,9675158.0,-5592713.5,-286.84912,529049.1,-734.0,-3502268.2
3805.5,-1110110.1,-733.9473,-0.01,9680106.0,-5595399.5,-291.4585,528002.8,-733.0,-3503041.8
3806.5,-1110548.0,-733.8965,-0.01,9685178.0,-5598094.5,-295.7578,526887.0,-734.0,-3503860.8
3807.5,-1110986.0,-733.9268,-0.01,9689778.0,-5600790.0,-298.22827,526238.3,-734.0,-3504676.2
3808.5,-1111425.8,-733.9013,-0.01,9695188.0,-5603500.0,-303.90454,524827.1,-734.0,-3505518.8
3809.5,-1111865.9,-733.9164,-0.01,9700088.0,-5606216.0,-307.94263,523839.56,-734.0,-3506272.0
3810.5,-1112305.6,-733.8971,-0.01,9704487.0,-5608929.5,-309.5127,523369.0,-734.0,-3507044.8
3811.5,-1112745.6,-733.9021,-0.01,9708911.0,-5611643.0,-311.26392,522864.62,-734.0,-3507809.0
3812.5,-1113185.5,-733.8996,-0.01,9713142.0,-5614353.5,-312.28687,522553.12,-734.0,-3508577.8
3813.5,-1113627.6,-733.8668,-0.01,9718648.0,-5617082.0,-318.46313,521047.5,-734.0,-3509401.8
3814.5,-1114068.8,-733.9142,-0.01,9723011.0,-5619807.5,-319.51074,520673.47,-734.0,-3510222.0
3815.5,-1114510.1,-733.9222,-0.01,9727450.0,-5622529.0,-320.45972,520287.44,-734.0,-3511111.2
3816.5,-1114952.4,-733.9154,-0.01,9732134.0,-5625257.5,-323.89917,519566.1,-734.0,-3511899.8
3817.5,-1115391.6,-733.8962,-0.01,9735694.0,-5627972.0,-321.2649,519936.47,-733.0,-3512679.5
3818.5,-1115832.1,-733.8838,-0.01,9739867.0,-5630685.0,-321.92163,519759.34,-734.0,-3513520.8
3819.5,-1116275.4,-733.8577,-0.01,9745552.0,-5633420.0,-329.4065,518076.44,-734.0,-3514337.8
3820.5,-1116718.0,-733.894,-0.01,9750007.0,-5636150.0,-330.97168,517624.06,-734.0,-3515165.8
3821.5,-1117160.5,-733.9468,-0.01,9754252.0,-5638877.5,-332.07178,517348.97,-734.0,-3515965.0
3822.5,-1117605.4,-733.9513,-0.01,9759510.0,-5641622.0,-337.73047,516084.47,-734.0,-3516763.0
3823.5,-1118049.1,-733.9691,-0.01,9763767.0,-5644357.0,-336.97583,515976.7,-734.0,-3517734.5
3824.5,-1118493.6,-733.9096,-0.01,9768302.0,-5647097.0,-339.97363,515424.84,-734.0,-3518530.2
3825.5,-1118940.4,-733.8744,-0.01,9774068.0,-5649857.5,-346.45288,513812.3,-734.0,-3519469.8
3826.5,-1119387.6,-733.8609,-0.01,9779268.0,-5652621.5,-349.65112,512856.25,-734.0,-3520499.0
3827.5,-1119833.9,-733.9053,-0.01,9783594.0,-5655378.5,-350.93042,512600.78,-733.0,-3521365.8
3828.5,-1120281.5,-733.9584,-0.01,9788492.0,-5658138.0,-353.84033,511895.0,-733.0,-3522348.0
3829.5,-1120730.5,-734.0072,-0.01,9793850.0,-5660905.5,-357.94434,510829.44,-734.0,-3523419.5
3830.5,-1121179.5,-733.9911,-0.01,9798864.0,-5663676.0,-360.0935,510118.22,-734.0,-3524500.8
3831.5,-1121628.6,-733.9647,-0.01,9803576.0,-5666447.0,-362.69678,509624.25,-734.0,-3525495.5
3832.5,-1122077.4,-733.956,-0.01,9808093.0,-5669210.0,-362.66235,509437.2,-734.0,-3526613.8
3833.5,-1122524.8,-733.9707,-0.01,9812071.0,-5671961.5,-361.06567,509741.2,-734.0,-3527699.0
3834.5,-1122973.8,-733.9579,-0.01,9816870.0,-5674722.5,-364.22656,509132.22,-734.0,-3528676.2
3835.5,-1123422.9,-733.9518,-0.01,9821506.0,-5677481.0,-365.40894,508779.97,-734.0,-3529750.2
3836.5,-1123871.6,-733.9666,-0.01,9825894.0,-5680236.5,-365.70508,508657.2,-734.0,-3530811.5
3837.5,-1124320.6,-733.9511,-0.01,9830461.0,-5682990.0,-366.5454,508396.75,-734.0,-3531915.2
3838.5,-1124766.9,-733.9383,-0.01,9834127.0,-5685729.5,-363.4043,508923.38,-734.0,-3532924.2
3839.5,-1125215.1,-733.8975,-0.01,9838658.0,-5688475.0,-366.4817,508486.34,-733.0,-3533821.5
3840.5,-1125663.6,-733.8881,-0.01,9843214.0,-5691221.0,-367.43555,508132.47,-734.0,-3534828.2
3841.5,-1126105.2,-733.8828,-0.01,9845989.0,-5693939.5,-360.1853,509461.56,-734.0,-3535779.5
3842.5,-1126547.2,-733.9088,-0.01,9849239.0,-5696644.0,-356.34448,510372.0,-734.0,-3536797.2
3843.5,-1126988.5,-733.9251,-0.01,9852540.0,-5699336.0,-352.77637,511173.28,-734.0,-3537770.0
3844.5,-1127431.0,-733.9434,-0.01,9856403.0,-5702027.5,-352.4724,511424.44,-734.0,-3538751.2
3845.5,-1127874.2,-733.9427,-0.01,9860418.0,-5704717.5,-353.2705,511430.44,-734.0,-3539637.0
3846.5,-1128316.2,-733.9672,-0.01,9864101.0,-5707399.0,-350.82153,511825.62,-734.0,-3540594.0
3847.5,-1128759.0,-733.9049,-0.01,9868114.0,-5710081.5,-351.6526,511774.66,-734.0,-3541430.2
3848.5,-1129201.9,-733.9258,-0.01,9872098.0,-5712762.5,-352.13208,511748.34,-734.0,-3542263.2
3849.5,-1129639.6,-733.9218,-0.01,9874978.0,-5715425.0,-345.02368,512926.56,-734.0,-3543228.5
3850.5,-1130080.6,-733.8415,-0.01,9878993.0,-5718093.0,-347.00732,512856.94,-734.0,-3544063.0
3851.5,-1130524.4,-733.8121,-0.01,9883986.0,-5720777.0,-351.84155,511829.28,-734.0,-3544896.0
3852.5,-1130965.8,-733.8352,-0.01,9887712.0,-5723451.5,-350.02515,512060.47,-734.0,-3545739.0
3853.5,-1131408.1,-733.8242,-0.01,9891810.0,-5726129.5,-351.08423,511921.1,-733.0,-3546576.8
3854.5,-1131849.5,-733.8504,-0.01,9895607.0,-5728800.0,-348.70557,512234.5,-734.0,-3547577.2
3855.5,-1132291.4,-733.8538,-0.01,9899613.0,-5731469.5,-349.43896,512232.1,-733.0,-3548469.0
3856.5,-1132730.0,-733.8453,-0.01,9902826.0,-5734123.0,-344.82886,513037.2,-733.0,-3549398.8
3857.5,-1133169.5,-733.8262,-0.01,9906484.0,-5736773.0,-344.85132,513285.53,-734.0,-3550215.8
3858.5,-1133609.1,-733.8442,-0.01,9910200.0,-5739420.0,-343.9419,513500.94,-734.0,-3551061.5
3859.5,-1134047.1,-733.8611,-0.01,9913612.0,-5742057.5,-341.115,514033.88,-734.0,-3551934.0
3860.5,-1134483.8,-733.8528,-0.01,9916846.0,-5744683.5,-337.77197,514759.56,-734.0,-3552834.8
3861.5,-1134916.0,-733.8376,-0.01,9919523.0,-5747291.5,-330.79688,516062.84,-734.0,-3553781.0
3862.5,-1135349.8,-733.8421,-0.01,9922774.0,-5749894.0,-329.42896,516688.12,-734.0,-3554622.5
3863.5,-1135779.2,-733.8367,-0.01,9925406.0,-5752479.0,-322.5996,517967.7,-734.0,-3555527.0
3864.5,-1136206.4,-733.8368,-0.01,9928015.0,-5755048.0,-316.46167,519293.88,-734.0,-3556472.0
3865.5,-1136639.1,-733.7995,-0.01,9932401.0,-5757632.0,-320.8994,518749.06,-733.0,-3557291.5
3866.5,-1137070.0,-733.8022,-0.01,9935802.0,-5760211.0,-319.55078,519070.25,-734.0,-3558005.8
3867.5,-1137494.0,-733.7978,-0.01,9938178.0,-5762758.5,-308.9541,520789.75,-734.0,-3559139.5
3868.5,-1137921.9,-733.801,-0.01,9941706.0,-5765302.5,-308.7246,521282.06,-734.0,-3560189.0
3869.5,-1138345.0,-733.796,-0.01,9944305.0,-5767826.5,-302.3037,522621.06,-734.0,-3561186.0
3870.5,-1138772.2,-733.7586,-0.01,9948226.0,-5770355.0,-303.03223,522726.44,-734.0,-3562256.0
3871.5,-1139197.6,-733.7862,-0.01,9951473.0,-5772872.0,-299.98608,523440.06,-734.0,-3563277.8
3872.5,-1139621.4,-733.804,-0.01,9954533.0,-5775378.0,-296.3181,524272.7,-734.0,-3564243.8
3873.5,-1140046.6,-733.8055,-0.01,9958136.0,-5777885.0,-296.03247,524548.7,-733.0,-3565191.2
3874.5,-1140466.8,-733.8009,-0.01,9960709.0,-5780362.5,-287.83374,526080.75,-734.0,-3566406.8
3875.5,-1140887.9,-733.8251,-0.01,9963891.0,-5782830.0,-283.88574,527032.1,-734.0,-3567655.0
3876.5,-1141306.6,-733.8114,-0.01,9966663.0,-5785283.0,-280.3286,528124.7,-734.0,-3568651.8
3877.5,-1141723.4,-733.8166,-0.01,9969333.0,-5787724.5,-274.58447,529355.2,-734.0,-3569700.0
3878.5,-1142140.8,-733.8388,-0.01,9972409.0,-5790162.5,-271.49878,530174.4,-734.0,-3570743.0
3879.5,-1142550.1,-733.8359,-0.01,9974378.0,-5792569.5,-261.06104,532195.94,-734.0,-3571926.8
3880.5,-1142964.1,-733.8202,-0.01,9977742.0,-5794976.5,-260.4668,532797.3,-734.0,-3573072.0
3881.5,-1143373.0,-733.8162,-0.01,9980060.0,-5797363.5,-253.01733,534374.44,-733.0,-3574178.2
3882.5,-1143781.9,-733.8089,-0.01,9982776.0,-5799745.0,-249.76855,535373.25,-734.0,-3575105.8
3883.5,-1144190.6,-733.8534,-0.01,9985667.0,-5802122.0,-245.6101,536264.7,-734.0,-3576107.0
3884.5,-1144599.4,-733.8684,-0.01,9988714.0,-5804491.5,-242.43115,537027.6,-734.0,-3577142.5
3885.5,-1145005.4,-733.8708,-0.01,9991312.0,-5806849.0,-238.36182,538109.25,-734.0,-3578062.0
3886.5,-1145409.9,-733.8675,-0.01,9993865.0,-5809199.0,-234.5581,539127.0,-734.0,-3578882.0
3887.5,-1145813.2,-733.8966,-0.01,9996489.0,-5811539.0,-228.71875,540279.75,-734.0,-3579922.0
3888.5,-1146212.0,-733.8878,-0.01,9998555.0,-5813860.5,-223.15283,541739.9,-733.0,-3580733.5
3889.5,-1146608.8,-733.9422,-0.01,10000736.0,-5816168.5,-216.39282,543167.44,-734.0,-3581643.8
3890.5,-1147003.6,-733.944,-0.01,10002934.0,-5818460.5,-210.01636,544660.4,-734.0,-3582654.8
3891.5,-1147395.4,-733.9446,-0.01,10004961.0,-5820736.0,-203.96777,546171.0,-734.0,-3583530.2
3892.5,-1147785.5,-733.9563,-0.01,10007053.0,-5823003.0,-198.71582,547509.3,-733.0,-3584309.0
3893.5,-1148171.8,-733.967,-0.01,10008895.0,-5825255.0,-191.80444,549037.1,-734.0,-3585047.5
3894.5,-1148552.8,-733.9764,-0.01,10010443.0,-5827485.5,-182.26782,551012.2,-734.0,-3585968.8
3895.5,-1148935.9,-733.9864,-0.01,10012803.0,-5829711.5,-177.59082,552196.0,-734.0,-3586907.5
3896.5,-1149312.4,-733.9769,-0.01,10014306.0,-5831916.5,-169.27588,554139.5,-734.0,-3587781.5
3897.5,-1149683.6,-733.9876,-0.01,10015650.0,-5834098.0,-159.35278,556271.4,-734.0,-3588714.2
3898.5,-1150054.0,-733.9834,-0.01,10017361.0,-5836267.5,-153.30664,557896.44,-734.0,-3589516.8
3899.5,-1150422.2,-734.0892,-0.01,10019079.0,-5838419.5,-145.57715,559643.6,-734.0,-3590469.5
3900.5,-1150791.0,-734.1181,-0.01,10021152.0,-5840563.5,-140.19336,561050.7,-734.0,-3591442.2
3901.5,-1151156.0,-734.1265,-0.01,10022808.0,-5842688.5,-132.60498,562851.1,-734.0,-3592415.8
3902.5,-1151516.2,-734.139,-0.01,10024219.0,-5844790.0,-123.03296,564923.1,-734.0,-3593447.2
3903.5,-1151873.0,-734.1505,-0.01,10025598.0,-5846870.0,-114.38013,566974.4,-734.0,-3594449.5
3904.5,-1152226.8,-734.1642,-0.01,10027000.0,-5848932.0,-105.80371,569002.5,-735.0,-3595472.8
3905.5,-1152576.9,-734.1778,-0.01,10028320.0,-5850968.5,-96.04761,571203.75,-734.0,-3596616.8
3906.5,-1152922.6,-734.1811,-0.01,10029499.0,-5852983.5,-86.490234,573515.25,-734.0,-3597755.8
3907.5,-1153267.8,-734.1898,-0.01,10031015.0,-5854985.5,-78.87012,575424.56,-734.0,-3598841.5
3908.5,-1153612.5,-734.2022,-0.01,10032774.0,-5856967.0,-70.45654,577311.56,-734.0,-3600169.8
3909.5,-1153952.5,-734.2041,-0.01,10034059.0,-5858925.5,-62.378906,579417.25,-734.0,-3601270.0
3910.5,-1154291.5,-734.2309,-0.01,10035603.0,-5860869.5,-54.56421,581279.4,-734.0,-3602401.0
3911.5,-1154624.4,-734.2548,-0.01,10036682.0,-5862789.0,-43.83545,583644.75,-734.0,-3603603.8
3912.5,-1154955.6,-734.3054,-0.01,10038016.0,-5864687.5,-34.39038,585864.06,-735.0,-3604936.8
3913.5,-1155283.8,-734.3307,-0.01,10039252.0,-5866564.0,-25.781494,588083.7,-734.0,-3606196.8
3914.5,-1155609.0,-734.3511,-0.01,10040476.0,-5868423.0,-16.618408,590305.25,-734.0,-3607467.8
3915.5,-1155932.8,-734.45,-0.01,10041877.0,-5870264.0,-7.3085938,592479.7,-735.0,-3608887.5
3916.5,-1156252.8,-734.4242,-0.01,10043064.0,-5872087.0,1.3066406,594627.2,-735.0,-3610087.8
3917.5,-1156568.2,-734.4405,-0.01,10044085.0,-5873886.5,11.765625,597023.75,-735.0,-3611400.2
3918.5,-1156881.9,-734.4458,-0.01,10045282.0,-5875668.5,19.961182,599140.44,-735.0,-3612626.8
3919.5,-1157192.5,-734.4718,-0.01,10046410.0,-5877429.0,29.94458,601477.9,-735.0,-3614030.5
3920.5,-1157499.9,-734.4571,-0.01,10047509.0,-5879170.5,39.58789,603747.6,-734.0,-3615360.5
3921.5,-1157804.9,-734.4768,-0.01,10048661.0,-5880894.5,48.164062,605884.8,-734.0,-3616629.2
3922.5,-1158106.0,-734.505,-0.01,10049681.0,-5882596.0,57.57666,608159.3,-735.0,-3617930.5
3923.5,-1158403.9,-734.5252,-0.01,10050685.0,-5884279.5,67.01245,610435.44,-734.0,-3619238.0
3924.5,-1158699.6,-734.5295,-0.01,10051789.0,-5885946.0,76.78345,612716.5,-735.0,-3620671.5
3925.5,-1158991.1,-734.5188,-0.01,10052715.0,-5887593.0,85.857666,615020.0,-734.0,-3621970.8
3926.5,-1159280.4,-734.527,-0.01,10053732.0,-5889228.5,92.71338,616986.25,-735.0,-3623036.5
3927.5,-1159566.6,-734.5549,-0.01,10054693.0,-5890849.0,101.71948,619056.2,-735.0,-3624170.5
3928.5,-1159851.4,-734.5772,-0.01,10055800.0,-5892454.5,109.39429,620945.6,-735.0,-3625283.8
3929.5,-1160132.6,-734.5944,-0.01,10056751.0,-5894046.0,118.10034,623035.5,-735.0,-3626460.5
3930.5,-1160411.1,-734.5911,-0.01,10057700.0,-5895621.5,126.57471,625077.56,-734.0,-3627606.5
3931.5,-1160687.0,-734.601,-0.01,10058639.0,-5897184.0,134.15039,627031.6,-735.0,-3628668.2
3932.5,-1160960.2,-734.6317,-0.01,10059569.0,-5898733.5,142.1084,629002.75,-735.0,-3629755.0
3933.5,-1161230.5,-734.6279,-0.01,10060466.0,-5900266.0,150.35522,630965.3,-735.0,-3630819.5
3934.5,-1161498.1,-734.6397,-0.01,10061375.0,-5901786.5,158.5149,632884.3,-735.0,-3631867.8
3935.5,-1161763.5,-734.6719,-0.01,10062302.0,-5903296.5,166.20703,634801.2,-735.0,-3632944.2
3936.5,-1162026.1,-734.6199,-0.01,10063198.0,-5904791.5,174.2649,636717.4,-735.0,-3634006.8
3937.5,-1162286.6,-734.6327,-0.01,10064118.0,-5906274.5,182.36938,638644.75,-735.0,-3635118.0
3938.5,-1162544.4,-734.6395,-0.01,10065005.0,-5907742.0,190.2976,640553.5,-734.0,-3636197.2
3939.5,-1162799.8,-734.6802,-0.01,10065900.0,-5909197.5,197.92065,642441.6,-735.0,-3637277.2
3940.5,-1163052.6,-734.6919,-0.01,10066784.0,-5910633.5,205.91504,644421.1,-735.0,-3638459.8
3941.5,-1163303.1,-734.7087,-0.01,10067671.0,-5912057.0,213.63623,646279.44,-735.0,-3639538.0
3942.5,-1163551.2,-734.7119,-0.01,10068557.0,-5913462.5,222.68848,648313.1,-735.0,-3640813.8
3943.5,-1163797.2,-734.7345,-0.01,10069443.0,-5914854.5,229.48193,650199.44,-734.0,-3641954.5
3944.5,-1164041.1,-734.7407,-0.01,10070327.0,-5916236.0,237.09058,652050.25,-735.0,-3643072.2
3945.5,-1164283.0,-734.8166,-0.01,10071213.0,-5917604.0,244.33887,653893.5,-735.0,-3644198.8
3946.5,-1164522.8,-734.8403,-0.01,10072095.0,-5918956.0,252.70947,655894.9,-735.0,-3645499.0
3947.5,-1164760.5,-734.8673,-0.01,10072978.0,-5920294.5,260.44604,657823.9,-735.0,-3646742.2
3948.5,-1164996.4,-734.8618,-0.01,10073861.0,-5921623.0,266.03003,659496.0,-734.0,-3647739.0
3949.5,-1165230.2,-734.8733,-0.01,10074744.0,-5922940.5,273.4541,661212.3,-735.0,-3648793.2
3950.5,-1165462.5,-734.8834,-0.01,10075626.0,-5924246.5,281.15234,663055.9,-735.0,-3649989.0
3951.5,-1165692.6,-734.9126,-0.01,10076509.0,-5925540.5,289.39355,664975.5,-735.0,-3651275.2
3952.5,-1165921.0,-734.918,-0.01,10077391.0,-5926819.0,296.27222,666791.94,-735.0,-3652473.8
3953.5,-1166147.6,-734.9159,-0.01,10078274.0,-5928088.5,301.92847,668389.7,-735.0,-3653464.2
3954.5,-1166372.4,-734.9265,-0.01,10079156.0,-5929343.5,308.88672,670051.4,-735.0,-3654535.2
3955.5,-1166595.5,-734.9539,-0.01,10080039.0,-5930591.5,314.77026,671611.25,-735.0,-3655513.0
3956.5,-1166817.0,-734.9605,-0.01,10080921.0,-5931828.0,321.93726,673293.2,-735.0,-3656626.2
3957.5,-1167036.9,-735.0282,-0.01,10081804.0,-5933052.0,328.729,674980.1,-735.0,-3657758.8
3958.5,-1167255.1,-735.0983,-0.01,10082686.0,-5934266.0,334.60425,676578.0,-735.0,-3658812.8
3959.5,-1167471.8,-735.0862,-0.01,10083569.0,-5935471.0,341.13623,678192.5,-735.0,-3659894.5
3960.5,-1167687.0,-735.1093,-0.01,10084451.0,-5936664.0,348.1797,679859.5,-735.0,-3661043.2
3961.5,-1167900.6,-735.0411,-0.01,10085334.0,-5937853.0,352.3589,681236.5,-735.0,-3661904.2
3962.5,-1168113.0,-735.061,-0.01,10086216.0,-5939034.0,358.57373,682740.3,-735.0,-3662903.0
3963.5,-1168324.0,-735.0681,-0.01,10087099.0,-5940208.5,364.12378,684173.94,-735.0,-3663839.5
3964.5,-1168533.5,-735.0596,-0.01,10087982.0,-5941377.0,369.67358,685535.9,-735.0,-3664711.8
3965.5,-1168741.6,-735.0944,-0.01,10088864.0,-5942538.5,374.63892,686891.25,-735.0,-3665585.2
3966.5,-1168948.6,-735.0869,-0.01,10089747.0,-5943694.0,379.2036,688124.3,-736.0,-3666342.8
3967.5,-1169154.4,-735.115,-0.01,10090629.0,-5944844.0,384.36646,689380.06,-735.0,-3667130.5
3968.5,-1169358.9,-735.127,-0.01,10091512.0,-5945986.0,389.24634,690636.56,-735.0,-3667928.0
3969.5,-1169562.1,-735.1527,-0.01,10092394.0,-5947120.5,394.69385,691939.9,-735.0,-3668781.2
3970.5,-1169764.5,-735.1683,-0.01,10093277.0,-5948249.5,398.87305,693155.7,-735.0,-3669552.5
3971.5,-1169965.6,-735.1738,-0.01,10094160.0,-5949376.0,403.50757,694326.6,-735.0,-3670283.5
3972.5,-1170165.6,-735.2057,-0.01,10095042.0,-5950499.0,407.97803,695493.25,-735.0,-3671014.5
3973.5,-1170364.6,-735.2186,-0.01,10095925.0,-5951613.5,414.18726,696833.9,-735.0,-3671930.0
3974.5,-1170562.6,-735.2154,-0.01,10096811.0,-5952721.0,418.33325,698067.75,-735.0,-3672748.8
3975.5,-1170759.8,-735.2018,-0.01,10097696.0,-5953823.5,422.63013,699255.3,-735.0,-3673526.2
3976.5,-1170956.1,-735.1926,-0.01,10098604.0,-5954922.0,426.7666,700337.06,-735.0,-3674225.0
3977.5,-1171151.8,-735.2355,-0.01,10099497.0,-5956017.5,431.2849,701458.56,-735.0,-3674953.5
3978.5,-1171346.6,-735.2183,-0.01,10100401.0,-5957110.0,435.1211,702514.0,-736.0,-3675628.8
3979.5,-1171540.4,-735.2113,-0.01,10101287.0,-5958194.0,439.53882,703633.56,-735.0,-3676361.2
3980.5,-1171733.6,-735.2475,-0.01,10102201.0,-5959274.0,443.6609,704717.8,-735.0,-3677089.8
3981.5,-1171926.4,-735.259,-0.01,10103136.0,-5960350.5,448.31836,705873.56,-735.0,-3677916.2
3982.5,-1172118.4,-735.2468,-0.01,10104027.0,-5961422.0,452.29956,706955.25,-735.0,-3678629.0
3983.5,-1172309.4,-735.2276,-0.01,10104933.0,-5962491.0,456.19263,707990.2,-736.0,-3679313.8
3984.5,-1172500.0,-735.1546,-0.01,10105855.0,-5963557.5,459.94263,708966.94,-735.0,-3679959.8
3985.5,-1172689.6,-735.1427,-0.01,10106751.0,-5964620.5,463.27026,709901.8,-735.0,-3680541.0
3986.5,-1172878.2,-735.123,-0.01,10107643.0,-5965682.5,466.66162,710824.75,-735.0,-3681109.5
3987.5,-1173066.5,-735.1599,-0.01,10108564.0,-5966741.0,470.3108,711737.7,-735.0,-3681699.0
3988.5,-1173254.4,-735.18,-0.01,10109510.0,-5967795.5,474.28882,712699.4,-735.0,-3682369.0
3989.5,-1173441.6,-735.206,-0.01,10110457.0,-5968847.5,478.0398,713635.7,-735.0,-3683016.0
3990.5,-1173628.9,-735.2103,-0.01,10111434.0,-5969896.5,481.01367,714503.9,-736.0,-3683628.5
3991.5,-1173816.5,-735.2223,-0.01,10112569.0,-5970946.0,484.12183,715282.2,-736.0,-3684307.8
3992.5,-1174003.5,-735.2113,-0.01,10113533.0,-5971989.5,487.54736,716189.6,-735.0,-3684952.8
3993.5,-1174190.2,-735.2398,-0.01,10114563.0,-5973028.5,491.22974,717097.6,-736.0,-3685667.8
3994.5,-1174376.5,-735.2337,-0.01,10115552.0,-5974063.5,494.2727,717978.1,-735.0,-3686319.2
3995.5,-1174562.4,-735.232,-0.01,10116595.0,-5975093.0,497.66406,718829.7,-735.0,-3687002.2
3996.5,-1174748.2,-735.2094,-0.01,10117629.0,-5976121.5,500.5022,719621.44,-735.0,-3687616.2
3997.5,-1174933.9,-735.2406,-0.01,10118715.0,-5977144.5,503.77417,720475.75,-735.0,-3688350.8
3998.5,-1175119.5,-735.282,-0.01,10119828.0,-5978164.0,506.67627,721258.1,-736.0,-3689044.8
3999.5,-1175305.5,-735.2978,-0.01,10121023.0,-5979180.0,509.9148,722049.56,-735.0,-3689832.2
4000.5,-1175491.0,-735.3085,-0.01,10122093.0,-5980191.0,513.2158,722936.5,-735.0,-3690595.8
4001.5,-1175675.6,-735.3223,-0.01,10123062.0,-5981196.5,516.2534,723826.1,-736.0,-3691267.8
4002.5,-1175859.8,-735.3612,-0.01,10124116.0,-5982198.0,519.7446,724706.7,-735.0,-3692020.2
4003.5,-1176043.6,-735.3965,-0.01,10125205.0,-5983197.0,522.66016,725477.75,-736.0,-3692699.8
4004.5,-1176228.8,-735.4514,-0.01,10126585.0,-5984201.0,523.8032,725941.06,-736.0,-3693356.0
4005.5,-1176413.6,-735.4767,-0.01,10127741.0,-5985203.0,526.0647,726600.56,-736.0,-3693986.0
4006.5,-1176599.0,-735.459,-0.01,10129008.0,-5986205.0,527.5393,727089.1,-735.0,-3694555.8
4007.5,-1176785.4,-735.5094,-0.01,10130412.0,-5987208.5,528.8176,727491.25,-736.0,-3695173.5
4008.5,-1176971.8,-735.5338,-0.01,10131700.0,-5988208.0,531.7207,728119.06,-735.0,-3695906.2
4009.5,-1177159.4,-735.5189,-0.01,10133196.0,-5989211.5,532.2854,728467.6,-735.0,-3696560.0
4010.5,-1177347.2,-735.5682,-0.01,10134534.0,-5990213.0,533.9458,728980.44,-735.0,-3697223.8
4011.5,-1177535.2,-735.5817,-0.01,10135875.0,-5991212.5,536.1587,729490.2,-735.0,-3697888.5
4012.5,-1177723.8,-735.6277,-0.01,10137277.0,-5992211.0,537.4243,729928.75,-736.0,-3698544.5
4013.5,-1177912.5,-735.6614,-0.01,10138685.0,-5993209.5,538.84375,730367.6,-735.0,-3699205.2
4014.5,-1178101.8,-735.697,-0.01,10140117.0,-5994204.5,541.4143,730938.1,-736.0,-3700026.0
4015.5,-1178292.0,-735.7199,-0.01,10141698.0,-5995198.0,542.83594,731365.9,-736.0,-3700853.2
4016.5,-1178484.6,-735.6909,-0.01,10143686.0,-5996199.5,541.4275,731299.1,-735.0,-3701578.2
4017.5,-1178679.2,-735.659,-0.01,10145695.0,-5997206.5,540.96265,731225.4,-736.0,-3702311.5
4018.5,-1178876.1,-735.6654,-0.01,10147823.0,-5998221.5,539.5105,731022.6,-736.0,-3703023.0
4019.5,-1179072.8,-735.6046,-0.01,10149372.0,-5999234.0,539.9592,731300.25,-736.0,-3703641.5
4020.5,-1179268.6,-735.6207,-0.01,10150725.0,-6000242.0,541.9419,731799.1,-736.0,-3704290.8
4021.5,-1179465.2,-735.6175,-0.01,10152440.0,-6001253.0,542.56006,731966.1,-735.0,-3704965.8
4022.5,-1179660.9,-735.6415,-0.01,10153730.0,-6002255.5,544.7263,732570.2,-735.0,-3705664.0
4023.5,-1179859.1,-735.6096,-0.01,10155847.0,-6003267.5,544.0388,732436.0,-736.0,-3706435.5
4024.5,-1180060.8,-735.5664,-0.01,10158399.0,-6004292.0,541.5117,731927.75,-735.0,-3707251.2
4025.5,-1180262.6,-735.5824,-0.01,10160197.0,-6005311.5,541.6543,732109.9,-735.0,-3708010.2
4026.5,-1180466.9,-735.5598,-0.01,10162441.0,-6006338.0,540.0156,731851.6,-736.0,-3708763.8
4027.5,-1180670.8,-735.628,-0.01,10164122.0,-6007359.0,541.0342,732140.75,-735.0,-3709509.0
4028.5,-1180876.2,-735.6156,-0.01,10166220.0,-6008387.0,540.0908,732022.75,-735.0,-3710255.5
4029.5,-1181083.9,-735.6102,-0.01,10168462.0,-6009426.5,537.5137,731619.7,-735.0,-3710845.0
4030.5,-1181292.5,-735.6046,-0.01,10170549.0,-6010471.0,536.09106,731374.6,-735.0,-3711432.0
4031.5,-1181501.5,-735.5493,-0.01,10172390.0,-6011514.5,536.5598,731476.5,-735.0,-3712123.0
4032.5,-1181711.2,-735.51,-0.01,10174333.0,-6012561.0,535.93286,731402.06,-735.0,-3712734.2
4033.5,-1181923.5,-735.5671,-0.01,10176833.0,-6013616.0,533.9287,730904.1,-736.0,-3713466.8
4034.5,-1182137.5,-735.5444,-0.01,10179201.0,-6014677.5,532.0049,730553.8,-735.0,-3714207.2
4035.5,-1182351.1,-735.5842,-0.01,10180953.0,-6015735.0,532.88965,730815.3,-735.0,-3714950.2
4036.5,-1182564.8,-735.608,-0.01,10182823.0,-6016791.0,533.6953,730993.0,-736.0,-3715730.0
4037.5,-1182781.0,-735.5848,-0.01,10185377.0,-6017860.5,530.3989,730425.25,-735.0,-3716426.2
4038.5,-1182999.9,-735.568,-0.01,10188040.0,-6018937.0,528.0513,729865.8,-736.0,-3717232.2
4039.5,-1183221.4,-735.5531,-0.01,10190879.0,-6020022.0,525.6987,729281.2,-736.0,-3718178.5
4040.5,-1183444.2,-735.5415,-0.01,10193343.0,-6021110.0,522.98364,728875.25,-736.0,-3718922.5
4041.5,-1183670.1,-735.5319,-0.01,10196358.0,-6022214.0,519.0813,728006.44,-736.0,-3719735.5
4042.5,-1183896.5,-735.4883,-0.01,10198712.0,-6023317.5,517.98047,727768.8,-735.0,-3720520.2
4043.5,-1184125.9,-735.4715,-0.01,10201785.0,-6024432.5,514.35425,726946.25,-735.0,-3721422.5
4044.5,-1184358.1,-735.4429,-0.01,10205144.0,-6025560.0,509.84717,725937.75,-735.0,-3722409.2
4045.5,-1184591.4,-735.4943,-0.01,10207794.0,-6026685.0,508.45044,725641.5,-735.0,-3723403.0
4046.5,-1184826.9,-735.453,-0.01,10210820.0,-6027820.0,504.61865,724908.3,-735.0,-3724322.2
4047.5,-1185062.8,-735.47,-0.01,10213284.0,-6028950.5,504.11353,724777.25,-736.0,-3725288.2
4048.5,-1185300.2,-735.4596,-0.01,10216004.0,-6030084.5,502.8047,724485.5,-736.0,-3726343.5
4049.5,-1185540.4,-735.4382,-0.01,10219324.0,-6031235.5,498.03223,723483.9,-736.0,-3727265.8
4050.5,-1185782.2,-735.4293,-0.01,10222393.0,-6032391.5,494.79443,722771.75,-735.0,-3728220.8
4051.5,-1186025.0,-735.409,-0.01,10225162.0,-6033556.5,491.7727,722206.25,-735.0,-3729014.8
4052.5,-1186270.5,-735.3519,-0.01,10228496.0,-6034733.0,487.73364,721256.6,-735.0,-3729972.2
4053.5,-1186517.4,-735.3341,-0.01,10231597.0,-6035916.5,484.12793,720497.25,-735.0,-3730879.5
4054.5,-1186767.2,-735.3155,-0.01,10235352.0,-6037116.0,478.17627,719137.9,-736.0,-3731820.8
4055.5,-1187019.0,-735.3074,-0.01,10238841.0,-6038327.5,473.2837,718029.7,-735.0,-3732733.2
4056.5,-1187272.4,-735.2814,-0.01,10242225.0,-6039543.0,470.69263,717247.7,-735.0,-3733862.8
4057.5,-1187526.6,-735.307,-0.01,10245228.0,-6040762.0,467.75122,716711.9,-736.0,-3734855.0
4058.5,-1187781.9,-735.3418,-0.01,10248149.0,-6041978.5,466.63672,716399.2,-736.0,-3735989.8
4059.5,-1188039.5,-735.3409,-0.01,10251649.0,-6043201.5,463.63403,715656.2,-736.0,-3737263.0
4060.5,-1188299.9,-735.3262,-0.01,10255757.0,-6044441.0,457.22607,714273.6,-735.0,-3738482.8
4061.5,-1188561.8,-735.312,-0.01,10259417.0,-6045686.5,452.9734,713309.7,-735.0,-3739666.5
4062.5,-1188825.6,-735.3097,-0.01,10263126.0,-6046939.5,448.6797,712316.94,-736.0,-3740862.2
4063.5,-1189091.0,-735.3226,-0.01,10266704.0,-6048193.5,446.53125,711665.6,-735.0,-3742266.8
4064.5,-1189358.2,-735.3169,-0.01,10270445.0,-6049461.0,440.32983,710513.4,-735.0,-3743315.5
4065.5,-1189627.4,-735.3055,-0.01,10274205.0,-6050739.5,434.65796,709280.6,-736.0,-3744288.0
4066.5,-1189897.6,-735.3063,-0.01,10277711.0,-6052027.5,431.4895,708377.25,-735.0,-3745330.0
4067.5,-1190169.9,-735.2879,-0.01,10281518.0,-6053325.5,426.72925,707236.2,-735.0,-3746421.0
4068.5,-1190443.6,-735.2772,-0.01,10285218.0,-6054631.5,421.448,706131.06,-736.0,-3747430.2
4069.5,-1190719.1,-735.2884,-0.01,10289020.0,-6055947.5,417.46582,705043.7,-735.0,-3748549.5
4070.5,-1190997.9,-735.2606,-0.01,10293822.0,-6057290.0,408.63525,702959.94,-735.0,-3749638.0
4071.5,-1191276.2,-735.301,-0.01,10297073.0,-6058626.5,407.06763,702498.44,-735.0,-3750811.0
4072.5,-1191556.4,-735.3093,-0.01,10300664.0,-6059971.5,403.35352,701680.6,-735.0,-3751956.0
4073.5,-1191838.6,-735.3016,-0.01,10304641.0,-6061329.5,397.5918,700407.7,-735.0,-3753013.8
4074.5,-1192122.5,-735.2793,-0.01,10308566.0,-6062700.0,392.5984,699234.06,-736.0,-3754105.0
4075.5,-1192409.4,-735.237,-0.01,10313266.0,-6064086.5,385.27734,697415.2,-736.0,-3755305.8
4076.5,-1192697.5,-735.2004,-0.01,10317307.0,-6065484.0,379.4419,696139.5,-735.0,-3756379.8
4077.5,-1192986.8,-735.1777,-0.01,10321097.0,-6066886.5,375.9702,695180.75,-735.0,-3757516.2
4078.5,-1193279.5,-735.1661,-0.01,10326192.0,-6068316.0,366.1443,692894.94,-735.0,-3758592.5
4079.5,-1193572.8,-735.1866,-0.01,10329986.0,-6069746.0,362.03516,691901.8,-735.0,-3759667.0
4080.5,-1193867.2,-735.1874,-0.01,10333753.0,-6071181.5,359.15405,691048.3,-735.0,-3760847.0
4081.5,-1194162.2,-735.1849,-0.01,10337301.0,-6072616.0,357.5603,690489.6,-735.0,-3762105.0
4082.5,-1194457.4,-735.194,-0.01,10340480.0,-6074047.0,356.24023,690232.75,-736.0,-3763300.5
4083.5,-1194755.6,-735.2015,-0.01,10344943.0,-6075495.5,350.68408,688876.44,-735.0,-3764654.5
4084.5,-1195055.6,-735.1601,-0.01,10349469.0,-6076965.0,343.5398,687253.25,-735.0,-3765780.5
4085.5,-1195355.1,-735.1951,-0.01,10352786.0,-6078426.5,342.1648,686886.0,-735.0,-3766967.8
4086.5,-1195656.5,-735.2085,-0.01,10356724.0,-6079896.5,338.45093,685946.0,-735.0,-3768190.8
4087.5,-1195960.6,-735.2001,-0.01,10361539.0,-6081385.5,332.1587,684331.7,-735.0,-3769591.8
4088.5,-1196264.9,-735.1973,-0.01,10365309.0,-6082871.0,329.7312,683759.4,-735.0,-3770996.8
4089.5,-1196571.1,-735.1581,-0.01,10369735.0,-6084371.0,324.84375,682513.3,-736.0,-3772366.5
4090.5,-1196878.9,-735.1598,-0.01,10374126.0,-6085880.0,318.8418,681249.75,-735.0,-3773670.8
4091.5,-1197188.9,-735.1394,-0.01,10379073.0,-6087409.5,311.40918,679391.1,-735.0,-3774912.0
4092.5,-1197499.9,-735.1225,-0.01,10383562.0,-6088946.5,307.05005,678177.7,-735.0,-3776335.8
4093.5,-1197811.8,-735.0779,-0.01,10387710.0,-6090486.5,303.06055,677205.9,-735.0,-3777656.0
4094.5,-1198124.1,-735.0693,-0.01,10391516.0,-6092025.5,299.44556,676483.2,-735.0,-3778883.5
4095.5,-1198439.8,-735.0731,-0.01,10396937.0,-6093596.0,290.03003,674185.4,-735.0,-3780112.0
4096.5,-1198755.9,-735.0722,-0.01,10401120.0,-6095171.5,285.59717,673094.56,-735.0,-3781307.8
4097.5,-1199074.2,-735.0687,-0.01,10405996.0,-6096763.0,279.3186,671478.75,-735.0,-3782652.5
4098.5,-1199392.5,-735.0352,-0.01,10409744.0,-6098354.0,276.47534,670849.75,-735.0,-3783858.2
4099.5,-1199711.8,-735.0006,-0.01,10413735.0,-6099949.5,274.30908,670108.9,-735.0,-3785192.0
4100.5,-1200033.2,-734.9956,-0.01,10418419.0,-6101560.5,267.77954,668666.94,-735.0,-3786495.0
4101.5,-1200357.1,-734.9968,-0.01,10423688.0,-6103201.0,257.7444,666386.9,-735.0,-3787509.5
4102.5,-1200682.0,-735.0035,-0.01,10428483.0,-6104850.0,253.53687,664934.7,-735.0,-3788874.0
4103.5,-1201008.0,-734.9469,-0.01,10433095.0,-6106510.5,247.7522,663583.3,-735.0,-3790143.2
4104.5,-1201336.4,-734.9184,-0.01,10438783.0,-6108197.5,238.66309,661275.25,-735.0,-3791498.2
4105.5,-1201664.1,-734.9446,-0.01,10442644.0,-6109881.0,236.25073,660672.5,-735.0,-3792742.8
4106.5,-1201994.8,-734.9343,-0.01,10447774.0,-6111580.5,227.95117,658779.8,-735.0,-3793940.8
4107.5,-1202326.0,-734.9014,-0.01,10452109.0,-6113287.0,223.66162,657657.3,-735.0,-3795112.2
4108.5,-1202658.2,-734.8648,-0.01,10456458.0,-6115002.0,218.84839,656462.4,-735.0,-3796213.2
4109.5,-1202992.8,-734.8445,-0.01,10461392.0,-6116733.0,211.7998,654783.4,-735.0,-3797396.0
4110.5,-1203328.0,-734.7957,-0.01,10465894.0,-6118472.0,206.77539,653466.06,-735.0,-3798502.2
4111.5,-1203666.0,-734.7788,-0.01,10471964.0,-6120247.5,195.08447,650609.1,-735.0,-3799589.2
4112.5,-1204004.5,-734.8013,-0.01,10476432.0,-6122020.0,191.59814,649560.75,-735.0,-3800894.2
4113.5,-1204343.9,-734.7878,-0.01,10480547.0,-6123793.5,187.70752,648724.4,-735.0,-3802056.5
4114.5,-1204684.2,-734.7738,-0.01,10484783.0,-6125572.5,184.34985,647814.5,-735.0,-3803259.0
4115.5,-1205026.8,-734.7598,-0.01,10489516.0,-6127364.0,179.32324,646572.06,-734.0,-3804611.0
4116.5,-1205371.6,-734.7626,-0.01,10495401.0,-6129192.0,168.24048,643966.6,-735.0,-3805707.5
4117.5,-1205716.1,-734.7724,-0.01,10499483.0,-6131015.0,165.66089,643173.9,-735.0,-3806826.2
4118.5,-1206062.6,-734.7672,-0.01,10504281.0,-6132848.5,160.68164,641845.0,-735.0,-3808110.0
4119.5,-1206411.4,-734.7495,-0.01,10509977.0,-6134710.5,151.42847,639621.75,-735.0,-3809363.0
4120.5,-1206761.1,-734.7214,-0.01,10514930.0,-6136581.5,146.0149,638182.4,-734.0,-3810650.8
4121.5,-1207112.9,-734.7105,-0.01,10520639.0,-6138476.5,136.8899,635975.06,-735.0,-3811896.5
4122.5,-1207466.2,-734.7101,-0.01,10526244.0,-6140390.5,128.0686,633782.6,-735.0,-3813033.0
4123.5,-1207821.1,-734.6808,-0.01,10531427.0,-6142316.0,121.156006,632064.1,-735.0,-3814210.2
4124.5,-1208177.6,-734.6346,-0.01,10537066.0,-6144265.5,112.03955,629798.2,-735.0,-3815267.8
4125.5,-1208533.8,-734.6524,-0.01,10541252.0,-6146208.0,110.78003,629190.25,-735.0,-3816545.5
4126.5,-1208892.5,-734.6417,-0.01,10546805.0,-6148170.5,102.38672,627185.75,-734.0,-3817765.0
4127.5,-1209252.5,-734.6099,-0.01,10552112.0,-6150145.0,96.04883,625514.5,-735.0,-3819059.8
4128.5,-1209614.2,-734.5947,-0.01,10557723.0,-6152142.5,86.69873,623372.4,-735.0,-3820160.0
4129.5,-1209977.4,-734.5813,-0.01,10563388.0,-6154156.5,79.11255,621280.1,-734.0,-3821348.8
4130.5,-1210340.5,-734.628,-0.01,10567657.0,-6156164.0,76.38672,620584.4,-734.0,-3822548.0
4131.5,-1210704.8,-734.6142,-0.01,10572114.0,-6158175.0,72.161865,619624.75,-735.0,-3823666.2
4132.5,-1211071.2,-734.6193,-0.01,10577631.0,-6160206.0,64.80884,617701.25,-734.0,-3824855.0
4133.5,-1211439.0,-734.5852,-0.01,10582831.0,-6162252.0,57.009277,615943.75,-734.0,-3825875.2
4134.5,-1211807.8,-734.4398,-0.01,10587573.0,-6164308.0,52.038574,614641.44,-734.0,-3826885.2
4135.5,-1212178.2,-734.42,-0.01,10592785.0,-6166379.5,44.65576,612875.25,-734.0,-3827882.0
4136.5,-1212550.5,-734.4127,-0.01,10599021.0,-6168485.5,34.29004,610140.1,-734.0,-3828894.0
4137.5,-1212924.4,-734.3898,-0.01,10604527.0,-6170607.5,26.525635,608176.9,-734.0,-3829933.0
4138.5,-1213298.9,-734.3809,-0.01,10609303.0,-6172735.0,21.371582,606903.56,-735.0,-3830928.8
4139.5,-1213675.1,-734.3695,-0.01,10614351.0,-6174875.0,14.504639,605280.9,-734.0,-3831831.0
4140.5,-1214052.5,-734.3833,-0.01,10619682.0,-6177031.5,8.727539,603566.75,-734.0,-3832907.5
4141.5,-1214429.9,-734.4369,-0.01,10623857.0,-6179183.5,5.172119,602813.25,-735.0,-3833796.5
4142.5,-1214808.8,-734.4572,-0.01,10628558.0,-6181342.0,0.7060547,601658.6,-735.0,-3834801.2
4143.5,-1215188.4,-734.51,-0.01,10633152.0,-6183501.0,-1.5795898,600808.9,-735.0,-3836004.5
4144.5,-1215570.1,-734.4885,-0.01,10638671.0,-6185682.0,-10.075439,598907.25,-735.0,-3837050.8
4145.5,-1215953.4,-734.4773,-0.01,10644247.0,-6187880.5,-17.365967,597034.0,-735.0,-3838164.0
4146.5,-1216337.9,-734.432,-0.01,10649431.0,-6190088.5,-23.450928,595523.4,-734.0,-3839238.8
4147.5,-1216723.4,-734.4358,-0.01,10654557.0,-6192302.0,-27.102295,594344.6,-734.0,-3840583.2
4148.5,-1217109.9,-734.4066,-0.01,10659430.0,-6194525.5,-33.07007,593130.6,-734.0,-3841627.0
4149.5,-1217497.8,-734.3741,-0.01,10664734.0,-6196760.0,-39.068604,591560.06,-735.0,-3842731.8
4150.5,-1217885.9,-734.378,-0.01,10669268.0,-6198999.0,-42.993164,590606.9,-735.0,-3843681.8
4151.5,-1218274.2,-734.3557,-0.01,10673502.0,-6201239.5,-45.928467,589888.9,-734.0,-3844565.0
4152.5,-1218663.5,-734.3736,-0.01,10677874.0,-6203485.0,-48.723145,589138.9,-735.0,-3845550.5
4153.5,-1219054.9,-734.371,-0.01,10683523.0,-6205753.0,-56.06299,587217.25,-734.0,-3846611.2
4154.5,-1219446.9,-734.3419,-0.01,10688546.0,-6208027.0,-61.076904,585902.1,-734.0,-3847647.0
4155.5,-1219839.5,-734.3705,-0.01,10693184.0,-6210303.5,-64.41016,585048.3,-734.0,-3848759.0
4156.5,-1220233.2,-734.3343,-0.01,10698033.0,-6212587.5,-68.20459,584039.6,-734.0,-3849918.2
4157.5,-1220628.5,-734.2849,-0.01,10703588.0,-6214891.5,-75.89624,582236.6,-735.0,-3850963.0
4158.5,-1221024.0,-734.2589,-0.01,10708248.0,-6217197.5,-78.904785,581337.4,-735.0,-3852019.0
4159.5,-1221421.0,-734.2362,-0.01,10713330.0,-6219514.5,-85.6145,579883.25,-734.0,-3852927.0
4160.5,-1221819.0,-734.217,-0.01,10718267.0,-6221841.5,-91.02173,578565.6,-734.0,-3853815.2
4161.5,-1222216.9,-734.2706,-0.01,10722543.0,-6224165.0,-92.249756,578045.8,-734.0,-3854849.5
4162.5,-1222616.8,-734.2602,-0.01,10727801.0,-6226505.0,-98.48047,576550.5,-734.0,-3855865.8
4163.5,-1223017.9,-734.25,-0.01,10733449.0,-6228864.5,-105.99829,574651.75,-734.0,-3856846.8
4164.5,-1223419.9,-734.2692,-0.01,10738432.0,-6231227.5,-110.512695,573466.9,-734.0,-3857875.2
4165.5,-1223822.0,-734.3007,-0.01,10742777.0,-6233584.0,-112.71216,572908.3,-735.0,-3858901.0
4166.5,-1224226.1,-734.2707,-0.01,10748403.0,-6235964.0,-119.980225,571113.44,-734.0,-3859940.8
4167.5,-1224631.4,-734.2599,-0.01,10753649.0,-6238353.5,-125.81592,569681.8,-734.0,-3860954.5
4168.5,-1225036.0,-734.2703,-0.01,10757741.0,-6240739.5,-127.75171,569239.25,-734.0,-3861811.5
4169.5,-1225441.0,-734.2841,-0.01,10761844.0,-6243121.5,-129.15747,568822.4,-734.0,-3862708.5
4170.5,-1225846.9,-734.2451,-0.01,10766222.0,-6245510.0,-131.61963,568154.9,-734.0,-3863622.8
4171.5,-1226253.6,-734.2197,-0.01,10770825.0,-6247906.0,-135.78174,567204.0,-735.0,-3864468.2
4172.5,-1226661.9,-734.2294,-0.01,10775815.0,-6250308.0,-139.90894,566072.6,-734.0,-3865511.2
4173.5,-1227071.5,-734.1803,-0.01,10781495.0,-6252732.0,-146.45312,564318.75,-734.0,-3866598.0
4174.5,-1227482.1,-734.1754,-0.01,10786749.0,-6255164.0,-151.6438,563019.0,-734.0,-3867704.0
4175.5,-1227894.2,-734.1474,-0.01,10792616.0,-6257617.0,-159.72559,561087.75,-734.0,-3868767.0
4176.5,-1228306.5,-734.1512,-0.01,10797309.0,-6260069.5,-163.01636,560235.5,-734.0,-3869739.0
4177.5,-1228719.9,-734.1196,-0.01,10802301.0,-6262525.5,-166.60669,559188.06,-734.0,-3870811.2
4178.5,-1229133.2,-734.1066,-0.01,10806838.0,-6264981.0,-169.25146,558562.6,-734.0,-3871851.5
4179.5,-1229547.8,-734.0927,-0.01,10811690.0,-6267441.0,-173.29077,557636.25,-734.0,-3872898.2
4180.5,-1229963.5,-734.0646,-0.01,10817333.0,-6269920.5,-179.32251,555959.94,-734.0,-3873963.5
4181.5,-1230380.6,-734.0679,-0.01,10823235.0,-6272420.0,-187.4961,553999.6,-734.0,-3874980.5
4182.5,-1230798.5,-734.1295,-0.01,10828300.0,-6274921.0,-191.89087,552886.2,-734.0,-3876008.8
4183.5,-1231216.6,-734.1453,-0.01,10832981.0,-6277420.0,-194.53003,552188.4,-734.0,-3877072.2
4184.5,-1231635.0,-734.1352,-0.01,10837429.0,-6279915.5,-196.4209,551750.75,-734.0,-3878167.2
4185.5,-1232054.9,-734.0865,-0.01,10842585.0,-6282425.5,-201.80737,550457.0,-734.0,-3879093.8
4186.5,-1232475.1,-734.0978,-0.01,10847365.0,-6284936.0,-204.93408,549620.1,-734.0,-3880103.5
4187.5,-1232896.9,-734.0753,-0.01,10852787.0,-6287463.5,-210.86572,548149.4,-734.0,-3881099.0
4188.5,-1233318.9,-734.1111,-0.01,10857422.0,-6289990.0,-214.17871,547413.6,-734.0,-3882046.5
4189.5,-1233740.8,-734.1199,-0.01,10861832.0,-6292512.5,-214.62549,547034.4,-734.0,-3883133.5
4190.5,-1234162.5,-734.126,-0.01,10865971.0,-6295032.0,-216.43604,546746.2,-735.0,-3884040.5
4191.5,-1234583.1,-734.1185,-0.01,10869649.0,-6297544.5,-215.02026,546943.9,-734.0,-3884984.2
4192.5,-1235006.2,-734.0917,-0.01,10874628.0,-6300073.0,-220.20923,545794.5,-734.0,-3885857.5
4193.5,-1235429.2,-734.0606,-0.01,10878960.0,-6302602.0,-222.26904,545276.5,-734.0,-3886717.5
4194.5,-1235850.4,-734.0837,-0.01,10882544.0,-6305120.5,-220.61426,545471.6,-734.0,-3887557.5
4195.5,-1236271.9,-734.0861,-0.01,10886458.0,-6307639.0,-220.90405,545339.9,-734.0,-3888400.0
4196.5,-1236694.8,-734.0396,-0.01,10890903.0,-6310163.0,-223.88062,544704.75,-734.0,-3889259.8
4197.5,-1237115.1,-734.0362,-0.01,10894240.0,-6312672.0,-220.62549,545230.8,-734.0,-3890196.5
4198.5,-1237536.5,-734.0086,-0.01,10898238.0,-6315182.0,-221.47949,545060.06,-734.0,-3891092.0
4199.5,-1237959.8,-733.9987,-0.01,10902942.0,-6317703.0,-225.30078,544208.56,-734.0,-3891996.5
4200.5,-1238383.2,-733.9772,-0.01,10907336.0,-6320226.5,-228.57324,543526.1,-734.0,-3892757.8
4201.5,-1238805.9,-734.0043,-0.01,10911108.0,-6322742.5,-228.19458,543515.06,-734.0,-3893580.8
4202.5,-1239226.8,-734.0011,-0.01,10914505.0,-6325247.0,-225.31201,543937.4,-734.0,-3894477.2
4203.5,-1239646.0,-733.9952,-0.01,10917668.0,-6327738.5,-221.95483,544604.6,-734.0,-3895399.5
4204.5,-1240066.9,-733.97,-0.01,10921555.0,-6330233.5,-223.77417,544396.1,-734.0,-3896160.8
4205.5,-1240488.6,-734.0125,-0.01,10925685.0,-6332729.0,-224.19824,544184.44,-734.0,-3897161.5
4206.5,-1240908.6,-734.0061,-0.01,10929147.0,-6335219.5,-222.7749,544465.0,-734.0,-3897995.2
4207.5,-1241329.8,-734.0176,-0.01,10933204.0,-6337706.5,-223.1128,544307.0,-734.0,-3898986.0
4208.5,-1241751.2,-734.0565,-0.01,10937245.0,-6340191.5,-223.83228,544176.3,-734.0,-3899988.2
4209.5,-1242170.2,-734.0524,-0.01,10940505.0,-6342662.5,-221.02539,544745.25,-734.0,-3900930.5
4210.5,-1242590.2,-734.0444,-0.01,10944287.0,-6345135.5,-221.91699,544688.9,-734.0,-3901762.0
4211.5,-1243009.9,-734.0646,-0.01,10947986.0,-6347601.5,-219.9248,544937.6,-734.0,-3902826.5
4212.5,-1243429.8,-734.0824,-0.01,10951852.0,-6350062.5,-219.82007,544993.5,-734.0,-3903867.5
4213.5,-1243848.4,-734.0918,-0.01,10955357.0,-6352513.5,-217.2478,545497.1,-734.0,-3905008.5
4214.5,-1244268.5,-734.0746,-0.01,10959515.0,-6354967.0,-218.96509,545242.4,-734.0,-3906036.8
4215.5,-1244689.0,-734.066,-0.01,10963719.0,-6357421.5,-220.48096,544892.0,-734.0,-3907014.5
4216.5,-1245108.2,-734.0655,-0.01,10967368.0,-6359868.5,-219.43408,545109.4,-734.0,-3908015.5
4217.5,-1245529.8,-734.0401,-0.01,10971957.0,-6362326.5,-223.12793,544393.9,-735.0,-3909005.5
4218.5,-1245948.1,-734.027,-0.01,10975246.0,-6364769.0,-219.40234,544995.6,-735.0,-3910039.2
4219.5,-1246367.9,-734.0343,-0.01,10979318.0,-6367211.0,-219.50757,544903.06,-734.0,-3911156.5
4220.5,-1246785.2,-734.0347,-0.01,10982582.0,-6369640.5,-216.18604,545581.4,-734.0,-3912255.2
4221.5,-1247199.9,-734.0331,-0.01,10985431.0,-6372054.5,-212.41284,546497.7,-734.0,-3913195.5
4222.5,-1247611.9,-734.0304,-0.01,10988133.0,-6374448.5,-206.42505,547669.9,-734.0,-3914270.5
4223.5,-1248024.0,-734.0469,-0.01,10991154.0,-6376837.0,-204.03833,548367.5,-734.0,-3915190.2
4224.5,-1248437.8,-734.0483,-0.01,10994865.0,-6379226.5,-204.48291,548408.5,-734.0,-3916139.5
4225.5,-1248853.8,-734.0366,-0.01,10999459.0,-6381626.0,-208.04126,547642.5,-734.0,-3917148.2
4226.5,-1249267.2,-734.0392,-0.01,11002825.0,-6384014.5,-204.65527,548140.0,-734.0,-3918212.2
4227.5,-1249680.0,-734.045,-0.01,11006133.0,-6386401.0,-204.1482,548466.4,-734.0,-3919048.8
4228.5,-1250090.8,-734.0452,-0.01,11009103.0,-6388771.5,-199.65332,549321.0,-734.0,-3920096.0
4229.5,-1250502.6,-734.0415,-0.01,11012636.0,-6391141.5,-198.9768,549566.44,-734.0,-3921093.2
4230.5,-1250914.2,-734.0415,-0.01,11016198.0,-6393509.0,-197.844,549774.06,-734.0,-3922085.0
4231.5,-1251326.9,-734.0368,-0.01,11020202.0,-6395881.5,-199.4602,549522.44,-734.0,-3923050.5
4232.5,-1251738.4,-734.0413,-0.01,11023687.0,-6398248.0,-198.47998,549725.06,-734.0,-3923961.5
4233.5,-1252150.5,-734.0292,-0.01,11027465.0,-6400617.0,-199.15479,549670.0,-734.0,-3924902.5
4234.5,-1252558.8,-734.0282,-0.01,11030199.0,-6402968.0,-194.281,550602.2,-734.0,-3925814.5
4235.5,-1252961.8,-734.0253,-0.01,11032351.0,-6405297.0,-187.52881,552024.75,-734.0,-3926663.0
4236.5,-1253365.2,-734.0699,-0.01,11035103.0,-6407616.5,-183.281,552948.9,-734.0,-3927621.0
4237.5,-1253768.8,-734.065,-0.01,11038077.0,-6409932.5,-180.85571,553567.2,-734.0,-3928496.8
4238.5,-1254169.1,-734.0648,-0.01,11040554.0,-6412230.5,-175.03955,554794.5,-734.0,-3929508.2
4239.5,-1254570.4,-734.1177,-0.01,11043571.0,-6414528.5,-173.26123,555372.4,-734.0,-3930404.8
4240.5,-1254971.2,-734.1485,-0.01,11046570.0,-6416820.5,-171.28906,555894.4,-734.0,-3931235.8
4241.5,-1255370.1,-734.1517,-0.01,11049254.0,-6419102.5,-167.57935,556729.25,-734.0,-3932077.8
4242.5,-1255764.8,-734.156,-0.01,11051441.0,-6421366.0,-160.74731,558119.9,-734.0,-3933003.8
4243.5,-1256158.5,-734.1871,-0.01,11053892.0,-6423622.0,-156.6792,559168.06,-734.0,-3933857.0
4244.5,-1256554.1,-734.1333,-0.01,11057018.0,-6425880.0,-155.72705,559537.75,-734.0,-3934699.5
4245.5,-1256948.8,-734.1471,-0.01,11059908.0,-6428130.5,-152.4414,560227.25,-734.0,-3935638.0
4246.5,-1257342.2,-734.1519,-0.01,11062668.0,-6430374.0,-149.3999,560959.25,-735.0,-3936496.2
4247.5,-1257733.4,-734.2536,-0.01,11065144.0,-6432601.5,-144.68384,562034.6,-734.0,-3937433.2
4248.5,-1258125.1,-734.2616,-0.01,11068066.0,-6434824.5,-141.60571,562750.7,-734.0,-3938459.5
4249.5,-1258512.8,-734.2757,-0.01,11070300.0,-6437023.0,-135.17383,564155.4,-734.0,-3939518.8
4250.5,-1258898.0,-734.2922,-0.01,11072487.0,-6439205.5,-129.43091,565529.94,-735.0,-3940518.2
4251.5,-1259281.2,-734.2957,-0.01,11074704.0,-6441375.0,-124.43579,566787.25,-735.0,-3941445.2
4252.5,-1259660.9,-734.3176,-0.01,11076663.0,-6443530.0,-117.84033,568244.7,-734.0,-3942333.5
4253.5,-1260038.6,-734.348,-0.01,11078758.0,-6445671.0,-111.59863,569646.44,-735.0,-3943317.8
4254.5,-1260417.0,-734.3604,-0.01,11081259.0,-6447803.5,-107.70459,570645.4,-734.0,-3944310.8
4255.5,-1260794.8,-734.3677,-0.01,11083775.0,-6449927.5,-103.372314,571668.5,-734.0,-3945352.5
4256.5,-1261167.4,-734.3609,-0.01,11085634.0,-6452030.0,-95.92139,573317.7,-735.0,-3946392.8
4257.5,-1261536.1,-734.357,-0.01,11087356.0,-6454114.5,-88.97412,574976.0,-734.0,-3947326.2
4258.5,-1261902.8,-734.4536,-0.01,11089210.0,-6456181.5,-81.92944,576597.06,-734.0,-3948375.2
4259.5,-1262270.9,-734.4534,-0.01,11091607.0,-6458246.0,-78.80859,577577.25,-734.0,-3949323.2
4260.5,-1262635.0,-734.487,-0.01,11093506.0,-6460291.5,-70.86841,579195.6,-734.0,-3950439.0
4261.5,-1262993.2,-734.4836,-0.01,11094885.0,-6462314.5,-62.739014,581179.4,-735.0,-3951428.2
4262.5,-1263350.0,-734.4701,-0.01,11096601.0,-6464324.5,-56.12671,582794.4,-734.0,-3952399.2
4263.5,-1263703.4,-734.4753,-0.01,11098173.0,-6466314.0,-48.164795,584581.8,-734.0,-3953423.5
4264.5,-1264055.2,-734.5132,-0.01,11099905.0,-6468290.0,-41.601562,586165.0,-734.0,-3954417.8
4265.5,-1264403.5,-734.5149,-0.01,11101437.0,-6470247.5,-33.3833,587979.1,-734.0,-3955466.5
4266.5,-1264748.2,-734.4925,-0.01,11102897.0,-6472189.0,-25.93457,589761.0,-735.0,-3956429.2
4267.5,-1265089.1,-734.5197,-0.01,11104246.0,-6474111.5,-17.206543,591692.9,-734.0,-3957455.8
4268.5,-1265429.1,-734.5202,-0.01,11105878.0,-6476024.0,-11.844727,593193.8,-735.0,-3958341.8
4269.5,-1265766.1,-734.5596,-0.01,11107367.0,-6477915.0,-2.760254,595119.4,-734.0,-3959536.8
4270.5,-1266100.6,-734.5725,-0.01,11108824.0,-6479793.5,3.427246,596803.0,-735.0,-3960471.5
4271.5,-1266433.2,-734.6069,-0.01,11110385.0,-6481658.5,10.553711,598410.8,-734.0,-3961449.8
4272.5,-1266765.0,-734.6207,-0.01,11112071.0,-6483516.5,16.086914,599858.9,-735.0,-3962398.8
4273.5,-1267094.2,-734.6014,-0.01,11113608.0,-6485362.0,22.14502,601361.25,-735.0,-3963270.2
4274.5,-1267418.8,-734.5928,-0.01,11114792.0,-6487189.5,29.669434,603132.9,-734.0,-3964080.8
4275.5,-1267740.6,-734.618,-0.01,11116053.0,-6489001.5,37.077637,604884.06,-735.0,-3964966.0
4276.5,-1268059.2,-734.6274,-0.01,11117227.0,-6490797.5,45.04834,606737.0,-735.0,-3965887.5
4277.5,-1268377.9,-734.6212,-0.01,11118766.0,-6492586.0,50.347656,608134.9,-734.0,-3966721.2
4278.5,-1268692.1,-734.6336,-0.01,11119901.0,-6494354.0,58.947266,610035.2,-735.0,-3967684.0
4279.5,-1269004.2,-734.6658,-0.01,11121133.0,-6496110.0,65.95068,611746.75,-734.0,-3968565.8
4280.5,-1269314.5,-734.7,-0.01,11122434.0,-6497850.5,73.70996,613505.2,-734.0,-3969582.0
4281.5,-1269623.9,-734.7114,-0.01,11123863.0,-6499578.5,80.33545,615171.0,-735.0,-3970646.8
4282.5,-1269929.5,-734.75,-0.01,11125002.0,-6501291.5,87.177734,616926.0,-735.0,-3971529.2
4283.5,-1270233.4,-734.757,-0.01,11126254.0,-6502990.0,94.22168,618589.0,-734.0,-3972449.0
4284.5,-1270533.6,-734.7533,-0.01,11127338.0,-6504674.0,101.6167,620342.2,-734.0,-3973309.0
4285.5,-1270832.1,-734.7631,-0.01,11128519.0,-6506349.0,108.15918,621938.6,-735.0,-3974119.5
4286.5,-1271126.2,-734.7737,-0.01,11129494.0,-6508006.5,116.90088,623858.25,-735.0,-3975072.0
4287.5,-1271418.4,-734.8037,-0.01,11130578.0,-6509649.5,124.15088,625611.75,-735.0,-3975980.8
4288.5,-1271707.9,-734.8035,-0.01,11131637.0,-6511276.5,131.82959,627428.4,-735.0,-3976947.5
4289.5,-1271995.1,-734.8375,-0.01,11132702.0,-6512889.5,139.15527,629220.75,-734.0,-3977911.5
4290.5,-1272278.4,-734.8593,-0.01,11133619.0,-6514486.0,147.29492,631144.25,-735.0,-3978880.8
4291.5,-1272560.8,-734.8784,-0.01,11134764.0,-6516073.5,153.95605,632768.4,-734.0,-3979786.2
4292.5,-1272839.9,-734.8729,-0.01,11135751.0,-6517643.5,161.98926,634621.25,-735.0,-3980785.0
4293.5,-1273117.4,-734.8916,-0.01,11136826.0,-6519201.0,169.18408,636356.6,-735.0,-3981768.2
4294.5,-1273392.1,-734.9263,-0.01,11137813.0,-6520745.0,175.97852,638088.9,-735.0,-3982676.0
4295.5,-1273663.4,-734.9245,-0.01,11138716.0,-6522276.0,183.32422,639858.4,-735.0,-3983553.8
4296.5,-1273931.9,-734.9211,-0.01,11139630.0,-6523790.0,191.29346,641707.4,-735.0,-3984541.8
4297.5,-1274199.2,-734.929,-0.01,11140658.0,-6525295.5,197.22021,643289.25,-735.0,-3985385.0
4298.5,-1274464.2,-734.9472,-0.01,11141625.0,-6526786.0,204.8291,645021.1,-735.0,-3986335.0
4299.5,-1274726.2,-734.9344,-0.01,11142532.0,-6528269.5,211.73877,646722.8,-734.0,-3987205.5
4300.5,-1274985.4,-734.9268,-0.01,11143419.0,-6529741.0,218.47559,648375.0,-735.0,-3988020.2
4301.5,-1275242.0,-734.9488,-0.01,11144306.0,-6531202.0,225.15381,650022.6,-735.0,-3988845.0
4302.5,-1275496.4,-734.9705,-0.01,11145192.0,-6532653.5,231.05273,651557.1,-735.0,-3989565.8
4303.5,-1275749.2,-734.9776,-0.01,11146128.0,-6534093.5,238.75732,653214.0,-735.0,-3990473.0
4304.5,-1275999.9,-734.9877,-0.01,11147030.0,-6535524.0,244.34912,654767.6,-735.0,-3991252.8
4305.5,-1276248.4,-734.9891,-0.01,11147915.0,-6536942.5,251.27979,656399.7,-735.0,-3992110.2
4306.5,-1276494.6,-735.0056,-0.01,11148800.0,-6538351.5,257.30225,657917.0,-735.0,-3992862.8
4307.5,-1276739.0,-735.0002,-0.01,11149684.0,-6539754.5,263.3164,659413.06,-735.0,-3993602.2
4308.5,-1276981.4,-734.9881,-0.01,11150567.0,-6541149.5,268.86426,660848.2,-735.0,-3994288.2
4309.5,-1277222.0,-735.0138,-0.01,11151451.0,-6542530.0,276.45264,662522.1,-735.0,-3995232.8
4310.5,-1277460.8,-735.0189,-0.01,11152334.0,-6543901.0,282.1328,664048.6,-735.0,-3996038.0
4311.5,-1277697.9,-735.0273,-0.01,11153217.0,-6545260.5,288.34814,665592.6,-735.0,-3996874.0
4312.5,-1277933.2,-735.0452,-0.01,11154099.0,-6546608.0,295.604,667254.44,-735.0,-3997843.0
4313.5,-1278166.9,-735.0711,-0.01,11154984.0,-6547944.0,301.8711,668853.6,-735.0,-3998763.5
4314.5,-1278399.0,-735.0909,-0.01,11155867.0,-6549268.5,308.02588,670410.0,-735.0,-3999652.5
4315.5,-1278629.4,-735.1093,-0.01,11156750.0,-6550584.0,314.11426,671929.25,-735.0,-4000515.2
4316.5,-1278858.1,-735.1092,-0.01,11157633.0,-6551889.0,319.9829,673425.75,-736.0,-4001366.2
4317.5,-1279085.4,-735.1272,-0.01,11158515.0,-6553185.5,325.71582,674913.44,-735.0,-4002218.8
4318.5,-1279311.1,-735.2218,-0.01,11159398.0,-6554466.5,332.64795,676522.94,-735.0,-4003211.2
4319.5,-1279535.2,-735.2325,-0.01,11160280.0,-6555737.5,338.39746,678034.25,-735.0,-4004115.5
4320.5,-1279758.0,-735.2284,-0.01,11161163.0,-6557002.5,343.72852,679445.06,-736.0,-4004926.8
4321.5,-1279979.4,-735.219,-0.01,11162046.0,-6558259.5,348.82764,680796.5,-735.0,-4005687.0
4322.5,-1280199.2,-735.2712,-0.01,11162928.0,-6559510.0,354.3794,682158.75,-735.0,-4006467.2
4323.5,-1280417.9,-735.3022,-0.01,11163811.0,-6560750.0,360.34863,683602.4,-736.0,-4007340.8
4324.5,-1280635.0,-735.3159,-0.01,11164693.0,-6561984.0,365.958,685009.3,-735.0,-4008185.0
4325.5,-1280850.6,-735.3201,-0.01,11165576.0,-6563211.0,371.1328,686332.75,-735.0,-4008953.2
4326.5,-1281065.1,-735.337,-0.01,11166458.0,-6564430.0,376.85547,687744.1,-736.0,-4009819.5
4327.5,-1281278.2,-735.3761,-0.01,11167341.0,-6565639.5,382.1875,689108.7,-736.0,-4010649.0
4328.5,-1281490.1,-735.3994,-0.01,11168223.0,-6566841.5,387.29395,690447.06,-735.0,-4011461.8
4329.5,-1281700.6,-735.4016,-0.01,11169106.0,-6568032.0,393.0459,691849.7,-735.0,-4012351.0
4330.5,-1281909.9,-735.4166,-0.01,11169988.0,-6569217.0,398.35938,693185.9,-736.0,-4013181.2
4331.5,-1282117.9,-735.4417,-0.01,11170871.0,-6570394.5,403.2998,694521.8,-736.0,-4014019.5
4332.5,-1282324.6,-735.4833,-0.01,11171753.0,-6571564.0,408.6504,695837.9,-735.0,-4014846.8
4333.5,-1282530.0,-735.4838,-0.01,11172636.0,-6572727.0,413.1582,697096.7,-736.0,-4015624.2
4334.5,-1282734.5,-735.4746,-0.01,11173519.0,-6573884.5,417.80273,698302.0,-736.0,-4016354.5
4335.5,-1282937.6,-735.5123,-0.01,11174402.0,-6575032.5,423.6709,699628.25,-736.0,-4017218.5
4336.5,-1283139.6,-735.5278,-0.01,11175285.0,-6576172.5,428.39258,700900.4,-735.0,-4018036.8
4337.5,-1283340.6,-735.5432,-0.01,11176167.0,-6577305.5,433.03076,702109.2,-735.0,-4018798.5
4338.5,-1283540.5,-735.5603,-0.01,11177057.0,-6578430.0,438.21045,703403.25,-735.0,-4019663.5
4339.5,-1283739.4,-735.5717,-0.01,11177940.0,-6579549.0,442.54395,704589.0,-735.0,-4020418.8
4340.5,-1283937.2,-735.5837,-0.01,11178826.0,-6580659.5,448.01465,705861.0,-736.0,-4021273.8
4341.5,-1284133.9,-735.5886,-0.01,11179708.0,-6581765.5,452.16162,707032.1,-736.0,-4022029.2
4342.5,-1284329.4,-735.6102,-0.01,11180593.0,-6582863.5,457.4204,708273.2,-736.0,-4022866.2
4343.5,-1284523.9,-735.655,-0.01,11181479.0,-6583953.0,462.28418,709548.0,-736.0,-4023748.2
4344.5,-1284717.4,-735.6541,-0.01,11182370.0,-6585036.5,467.16113,710752.9,-736.0,-4024571.8
4345.5,-1284909.9,-735.6922,-0.01,11183266.0,-6586112.5,472.53906,712057.4,-736.0,-4025508.8
4346.5,-1285101.2,-735.7319,-0.01,11184153.0,-6587180.0,477.1338,713304.06,-736.0,-4026389.0
4347.5,-1285291.9,-735.727,-0.01,11185054.0,-6588241.0,480.67578,714376.4,-736.0,-4027113.8
4348.5,-1285482.0,-735.7457,-0.01,11185998.0,-6589300.0,484.5923,715403.3,-736.0,-4027839.5
4349.5,-1285671.8,-735.7741,-0.01,11186939.0,-6590353.5,488.37305,716394.8,-736.0,-4028532.2
4350.5,-1285860.2,-735.7853,-0.01,11187833.0,-6591401.5,492.93213,717520.75,-735.0,-4029321.2
4351.5,-1286048.5,-735.7534,-0.01,11188797.0,-6592445.5,496.4619,718482.44,-736.0,-4030018.2
4352.5,-1286235.9,-735.7637,-0.01,11189744.0,-6593484.0,500.52783,719495.6,-736.0,-4030756.2
4353.5,-1286422.6,-735.8015,-0.01,11190668.0,-6594518.5,503.9707,720465.4,-736.0,-4031432.8
4354.5,-1286608.9,-735.8281,-0.01,11191613.0,-6595550.5,507.4048,721392.8,-735.0,-4032089.8
4355.5,-1286794.6,-735.8673,-0.01,11192604.0,-6596578.0,511.3452,722346.9,-736.0,-4032825.2
4356.5,-1286980.1,-735.8669,-0.01,11193592.0,-6597601.0,514.43164,723234.6,-736.0,-4033495.5
4357.5,-1287165.4,-735.8791,-0.01,11194591.0,-6598619.5,517.8379,724122.0,-736.0,-4034181.8
4358.5,-1287349.9,-735.9072,-0.01,11195564.0,-6599635.0,521.5757,725053.9,-735.0,-4034890.8
4359.5,-1287535.1,-735.9643,-0.01,11196753.0,-6600649.5,523.93945,725765.4,-736.0,-4035593.8
4360.5,-1287720.4,-735.9921,-0.01,11197875.0,-6601658.5,527.2754,726591.1,-736.0,-4036350.5
4361.5,-1287905.2,-736.0059,-0.01,11198967.0,-6602661.0,530.9917,727510.9,-736.0,-4037178.0
4362.5,-1288089.8,-735.9617,-0.01,11199987.0,-6603660.5,533.396,728341.9,-736.0,-4037848.0
4363.5,-1288274.8,-735.9946,-0.01,11201255.0,-6604661.5,535.53906,728953.6,-736.0,-4038543.5
4364.5,-1288458.4,-736.0084,-0.01,11202191.0,-6605653.5,539.9292,729941.75,-736.0,-4039296.5
4365.5,-1288642.6,-736.0413,-0.01,11203421.0,-6606646.0,542.23975,730634.7,-736.0,-4040045.8
4366.5,-1288827.0,-736.0566,-0.01,11204644.0,-6607636.0,544.25684,731283.25,-736.0,-4040744.5
4367.5,-1289011.1,-736.0481,-0.01,11205747.0,-6608624.0,546.3999,731951.75,-736.0,-4041347.0
4368.5,-1289195.2,-736.0663,-0.01,11206962.0,-6609611.5,549.12256,732589.6,-736.0,-4042029.8
4369.5,-1289379.5,-736.0926,-0.01,11208168.0,-6610595.5,551.61865,733262.8,-736.0,-4042744.0
4370.5,-1289564.5,-736.0959,-0.01,11209576.0,-6611582.0,552.9292,733700.0,-737.0,-4043418.8
4371.5,-1289749.5,-736.1513,-0.01,11210779.0,-6612565.5,555.69824,734360.06,-736.0,-4044116.5
4372.5,-1289934.6,-736.1793,-0.01,11212118.0,-6613547.5,556.89404,734831.75,-737.0,-4044760.8
4373.5,-1290119.6,-736.1891,-0.01,11213338.0,-6614524.0,560.11914,735566.4,-736.0,-4045556.5
4374.5,-1290304.1,-736.2317,-0.01,11214475.0,-6615493.5,563.03076,736372.1,-736.0,-4046349.2
4375.5,-1290488.8,-736.1866,-0.01,11215763.0,-6616461.0,565.083,736975.25,-736.0,-4047089.2
4376.5,-1290676.1,-736.1622,-0.01,11217732.0,-6617435.5,564.499,736917.1,-736.0,-4047838.0
4377.5,-1290863.1,-736.1766,-0.01,11219008.0,-6618403.0,566.7534,737544.5,-736.0,-4048589.5
4378.5,-1291049.8,-736.2087,-0.01,11220333.0,-6619369.0,568.86035,738124.5,-736.0,-4049344.2
4379.5,-1291239.6,-736.2014,-0.01,11222466.0,-6620345.5,567.4697,737922.25,-736.0,-4050106.2
4380.5,-1291429.5,-736.2192,-0.01,11223946.0,-6621320.0,569.0288,738360.0,-736.0,-4050862.0
4381.5,-1291620.8,-736.1651,-0.01,11225782.0,-6622299.5,569.1133,738467.25,-736.0,-4051634.8
4382.5,-1291814.4,-736.1478,-0.01,11227871.0,-6623284.5,567.9038,738335.5,-736.0,-4052412.0
4383.5,-1292009.8,-736.1438,-0.01,11229960.0,-6624274.0,566.9199,738209.5,-736.0,-4053189.2
